Id,Price
11001,1038998.6
11002,1038998.6
11003,1038998.6
11004,1038998.6
11005,1038998.6
11006,1038998.6
11007,1038998.6
11008,1038998.6
11009,1038998.6
11010,1038998.6
11011,1038998.6
11012,1038998.6
11013,1038998.6
11014,1038998.6
11015,1038998.6
11016,1038998.6
11017,1038998.6
11018,1038998.6
11019,1038998.6
11020,1038998.6
11021,1038998.6
11022,1038998.6
11023,1038998.6
11024,1038998.6
11025,1038998.6
11026,1038998.6
11027,1038998.6
11028,1038998.6
11029,1038998.6
11030,1038998.6
11031,1038998.6
11032,1038998.6
11033,1038998.6
11034,1038998.6
11035,1038998.6
11036,1038998.6
11037,1038998.6
11038,1038998.6
11039,1038998.6
11040,1038998.6
11041,1038998.6
11042,1038998.6
11043,1038998.6
11044,1038998.6
11045,1038998.6
11046,1038998.6
11047,1038998.6
11048,1038998.6
11049,1038998.6
11050,1038998.6
11051,1038998.6
11052,1038998.6
11053,1038998.6
11054,1038998.6
11055,1038998.6
11056,1038998.6
11057,1038998.6
11058,1038998.6
11059,1038998.6
11060,1038998.6
11061,1038998.6
11062,1038998.6
11063,1038998.6
11064,1038998.6
11065,1038998.6
11066,1038998.6
11067,1038998.6
11068,1038998.6
11069,1038998.6
11070,1038998.6
11071,1038998.6
11072,1038998.6
11073,1038998.6
11074,1038998.6
11075,1038998.6
11076,1038998.6
11077,1038998.6
11078,1038998.6
11079,1038998.6
11080,1038998.6
11081,1038998.6
11082,1038998.6
11083,1038998.6
11084,1038998.6
11085,1038998.6
11086,1038998.6
11087,1038998.6
11088,1038998.6
11089,1038998.6
11090,1038998.6
11091,1038998.6
11092,1038998.6
11093,1038998.6
11094,1038998.6
11095,1038998.6
11096,1038998.6
11097,1038998.6
11098,1038998.6
11099,1038998.6
11100,1038998.6
11101,1038998.6
11102,1038998.6
11103,1038998.6
11104,1038998.6
11105,1038998.6
11106,1038998.6
11107,1038998.6
11108,1038998.6
11109,1038998.6
11110,1038998.6
11111,1038998.6
11112,1038998.6
11113,1038998.6
11114,1038998.6
11115,1038998.6
11116,1038998.6
11117,1038998.6
11118,1038998.6
11119,1038998.6
11120,1038998.6
11121,1038998.6
11122,1038998.6
11123,1038998.6
11124,1038998.6
11125,1038998.6
11126,1038998.6
11127,1038998.6
11128,1038998.6
11129,1038998.6
11130,1038998.6
11131,1038998.6
11132,1038998.6
11133,1038998.6
11134,1038998.6
11135,1038998.6
11136,1038998.6
11137,1038998.6
11138,1038998.6
11139,1038998.6
11140,1038998.6
11141,1038998.6
11142,1038998.6
11143,1038998.6
11144,1038998.6
11145,1038998.6
11146,1038998.6
11147,1038998.6
11148,1038998.6
11149,1038998.6
11150,1038998.6
11151,1038998.6
11152,1038998.6
11153,1038998.6
11154,1038998.6
11155,1038998.6
11156,1038998.6
11157,1038998.6
11158,1038998.6
11159,1038998.6
11160,1038998.6
11161,1038998.6
11162,1038998.6
11163,1038998.6
11164,1038998.6
11165,1038998.6
11166,1038998.6
11167,1038998.6
11168,1038998.6
11169,1038998.6
11170,1038998.6
11171,1038998.6
11172,1038998.6
11173,1038998.6
11174,1038998.6
11175,1038998.6
11176,1038998.6
11177,1038998.6
11178,1038998.6
11179,1038998.6
11180,1038998.6
11181,1038998.6
11182,1038998.6
11183,1038998.6
11184,1038998.6
11185,1038998.6
11186,1038998.6
11187,1038998.6
11188,1038998.6
11189,1038998.6
11190,1038998.6
11191,1038998.6
11192,1038998.6
11193,1038998.6
11194,1038998.6
11195,1038998.6
11196,1038998.6
11197,1038998.6
11198,1038998.6
11199,1038998.6
11200,1038998.6
11201,1038998.6
11202,1038998.6
11203,1038998.6
11204,1038998.6
11205,1038998.6
11206,1038998.6
11207,1038998.6
11208,1038998.6
11209,1038998.6
11210,1038998.6
11211,1038998.6
11212,1038998.6
11213,1038998.6
11214,1038998.6
11215,1038998.6
11216,1038998.6
11217,1038998.6
11218,1038998.6
11219,1038998.6
11220,1038998.6
11221,1038998.6
11222,1038998.6
11223,1038998.6
11224,1038998.6
11225,1038998.6
11226,1038998.6
11227,1038998.6
11228,1038998.6
11229,1038998.6
11230,1038998.6
11231,1038998.6
11232,1038998.6
11233,1038998.6
11234,1038998.6
11235,1038998.6
11236,1038998.6
11237,1038998.6
11238,1038998.6
11239,1038998.6
11240,1038998.6
11241,1038998.6
11242,1038998.6
11243,1038998.6
11244,1038998.6
11245,1038998.6
11246,1038998.6
11247,1038998.6
11248,1038998.6
11249,1038998.6
11250,1038998.6
11251,1038998.6
11252,1038998.6
11253,1038998.6
11254,1038998.6
11255,1038998.6
11256,1038998.6
11257,1038998.6
11258,1038998.6
11259,1038998.6
11260,1038998.6
11261,1038998.6
11262,1038998.6
11263,1038998.6
11264,1038998.6
11265,1038998.6
11266,1038998.6
11267,1038998.6
11268,1038998.6
11269,1038998.6
11270,1038998.6
11271,1038998.6
11272,1038998.6
11273,1038998.6
11274,1038998.6
11275,1038998.6
11276,1038998.6
11277,1038998.6
11278,1038998.6
11279,1038998.6
11280,1038998.6
11281,1038998.6
11282,1038998.6
11283,1038998.6
11284,1038998.6
11285,1038998.6
11286,1038998.6
11287,1038998.6
11288,1038998.6
11289,1038998.6
11290,1038998.6
11291,1038998.6
11292,1038998.6
11293,1038998.6
11294,1038998.6
11295,1038998.6
11296,1038998.6
11297,1038998.6
11298,1038998.6
11299,1038998.6
11300,1038998.6
11301,1038998.6
11302,1038998.6
11303,1038998.6
11304,1038998.6
11305,1038998.6
11306,1038998.6
11307,1038998.6
11308,1038998.6
11309,1038998.6
11310,1038998.6
11311,1038998.6
11312,1038998.6
11313,1038998.6
11314,1038998.6
11315,1038998.6
11316,1038998.6
11317,1038998.6
11318,1038998.6
11319,1038998.6
11320,1038998.6
11321,1038998.6
11322,1038998.6
11323,1038998.6
11324,1038998.6
11325,1038998.6
11326,1038998.6
11327,1038998.6
11328,1038998.6
11329,1038998.6
11330,1038998.6
11331,1038998.6
11332,1038998.6
11333,1038998.6
11334,1038998.6
11335,1038998.6
11336,1038998.6
11337,1038998.6
11338,1038998.6
11339,1038998.6
11340,1038998.6
11341,1038998.6
11342,1038998.6
11343,1038998.6
11344,1038998.6
11345,1038998.6
11346,1038998.6
11347,1038998.6
11348,1038998.6
11349,1038998.6
11350,1038998.6
11351,1038998.6
11352,1038998.6
11353,1038998.6
11354,1038998.6
11355,1038998.6
11356,1038998.6
11357,1038998.6
11358,1038998.6
11359,1038998.6
11360,1038998.6
11361,1038998.6
11362,1038998.6
11363,1038998.6
11364,1038998.6
11365,1038998.6
11366,1038998.6
11367,1038998.6
11368,1038998.6
11369,1038998.6
11370,1038998.6
11371,1038998.6
11372,1038998.6
11373,1038998.6
11374,1038998.6
11375,1038998.6
11376,1038998.6
11377,1038998.6
11378,1038998.6
11379,1038998.6
11380,1038998.6
11381,1038998.6
11382,1038998.6
11383,1038998.6
11384,1038998.6
11385,1038998.6
11386,1038998.6
11387,1038998.6
11388,1038998.6
11389,1038998.6
11390,1038998.6
11391,1038998.6
11392,1038998.6
11393,1038998.6
11394,1038998.6
11395,1038998.6
11396,1038998.6
11397,1038998.6
11398,1038998.6
11399,1038998.6
11400,1038998.6
11401,1038998.6
11402,1038998.6
11403,1038998.6
11404,1038998.6
11405,1038998.6
11406,1038998.6
11407,1038998.6
11408,1038998.6
11409,1038998.6
11410,1038998.6
11411,1038998.6
11412,1038998.6
11413,1038998.6
11414,1038998.6
11415,1038998.6
11416,1038998.6
11417,1038998.6
11418,1038998.6
11419,1038998.6
11420,1038998.6
11421,1038998.6
11422,1038998.6
11423,1038998.6
11424,1038998.6
11425,1038998.6
11426,1038998.6
11427,1038998.6
11428,1038998.6
11429,1038998.6
11430,1038998.6
11431,1038998.6
11432,1038998.6
11433,1038998.6
11434,1038998.6
11435,1038998.6
11436,1038998.6
11437,1038998.6
11438,1038998.6
11439,1038998.6
11440,1038998.6
11441,1038998.6
11442,1038998.6
11443,1038998.6
11444,1038998.6
11445,1038998.6
11446,1038998.6
11447,1038998.6
11448,1038998.6
11449,1038998.6
11450,1038998.6
11451,1038998.6
11452,1038998.6
11453,1038998.6
11454,1038998.6
11455,1038998.6
11456,1038998.6
11457,1038998.6
11458,1038998.6
11459,1038998.6
11460,1038998.6
11461,1038998.6
11462,1038998.6
11463,1038998.6
11464,1038998.6
11465,1038998.6
11466,1038998.6
11467,1038998.6
11468,1038998.6
11469,1038998.6
11470,1038998.6
11471,1038998.6
11472,1038998.6
11473,1038998.6
11474,1038998.6
11475,1038998.6
11476,1038998.6
11477,1038998.6
11478,1038998.6
11479,1038998.6
11480,1038998.6
11481,1038998.6
11482,1038998.6
11483,1038998.6
11484,1038998.6
11485,1038998.6
11486,1038998.6
11487,1038998.6
11488,1038998.6
11489,1038998.6
11490,1038998.6
11491,1038998.6
11492,1038998.6
11493,1038998.6
11494,1038998.6
11495,1038998.6
11496,1038998.6
11497,1038998.6
11498,1038998.6
11499,1038998.6
11500,1038998.6
11501,1038998.6
11502,1038998.6
11503,1038998.6
11504,1038998.6
11505,1038998.6
11506,1038998.6
11507,1038998.6
11508,1038998.6
11509,1038998.6
11510,1038998.6
11511,1038998.6
11512,1038998.6
11513,1038998.6
11514,1038998.6
11515,1038998.6
11516,1038998.6
11517,1038998.6
11518,1038998.6
11519,1038998.6
11520,1038998.6
11521,1038998.6
11522,1038998.6
11523,1038998.6
11524,1038998.6
11525,1038998.6
11526,1038998.6
11527,1038998.6
11528,1038998.6
11529,1038998.6
11530,1038998.6
11531,1038998.6
11532,1038998.6
11533,1038998.6
11534,1038998.6
11535,1038998.6
11536,1038998.6
11537,1038998.6
11538,1038998.6
11539,1038998.6
11540,1038998.6
11541,1038998.6
11542,1038998.6
11543,1038998.6
11544,1038998.6
11545,1038998.6
11546,1038998.6
11547,1038998.6
11548,1038998.6
11549,1038998.6
11550,1038998.6
11551,1038998.6
11552,1038998.6
11553,1038998.6
11554,1038998.6
11555,1038998.6
11556,1038998.6
11557,1038998.6
11558,1038998.6
11559,1038998.6
11560,1038998.6
11561,1038998.6
11562,1038998.6
11563,1038998.6
11564,1038998.6
11565,1038998.6
11566,1038998.6
11567,1038998.6
11568,1038998.6
11569,1038998.6
11570,1038998.6
11571,1038998.6
11572,1038998.6
11573,1038998.6
11574,1038998.6
11575,1038998.6
11576,1038998.6
11577,1038998.6
11578,1038998.6
11579,1038998.6
11580,1038998.6
11581,1038998.6
11582,1038998.6
11583,1038998.6
11584,1038998.6
11585,1038998.6
11586,1038998.6
11587,1038998.6
11588,1038998.6
11589,1038998.6
11590,1038998.6
11591,1038998.6
11592,1038998.6
11593,1038998.6
11594,1038998.6
11595,1038998.6
11596,1038998.6
11597,1038998.6
11598,1038998.6
11599,1038998.6
11600,1038998.6
11601,1038998.6
11602,1038998.6
11603,1038998.6
11604,1038998.6
11605,1038998.6
11606,1038998.6
11607,1038998.6
11608,1038998.6
11609,1038998.6
11610,1038998.6
11611,1038998.6
11612,1038998.6
11613,1038998.6
11614,1038998.6
11615,1038998.6
11616,1038998.6
11617,1038998.6
11618,1038998.6
11619,1038998.6
11620,1038998.6
11621,1038998.6
11622,1038998.6
11623,1038998.6
11624,1038998.6
11625,1038998.6
11626,1038998.6
11627,1038998.6
11628,1038998.6
11629,1038998.6
11630,1038998.6
11631,1038998.6
11632,1038998.6
11633,1038998.6
11634,1038998.6
11635,1038998.6
11636,1038998.6
11637,1038998.6
11638,1038998.6
11639,1038998.6
11640,1038998.6
11641,1038998.6
11642,1038998.6
11643,1038998.6
11644,1038998.6
11645,1038998.6
11646,1038998.6
11647,1038998.6
11648,1038998.6
11649,1038998.6
11650,1038998.6
11651,1038998.6
11652,1038998.6
11653,1038998.6
11654,1038998.6
11655,1038998.6
11656,1038998.6
11657,1038998.6
11658,1038998.6
11659,1038998.6
11660,1038998.6
11661,1038998.6
11662,1038998.6
11663,1038998.6
11664,1038998.6
11665,1038998.6
11666,1038998.6
11667,1038998.6
11668,1038998.6
11669,1038998.6
11670,1038998.6
11671,1038998.6
11672,1038998.6
11673,1038998.6
11674,1038998.6
11675,1038998.6
11676,1038998.6
11677,1038998.6
11678,1038998.6
11679,1038998.6
11680,1038998.6
11681,1038998.6
11682,1038998.6
11683,1038998.6
11684,1038998.6
11685,1038998.6
11686,1038998.6
11687,1038998.6
11688,1038998.6
11689,1038998.6
11690,1038998.6
11691,1038998.6
11692,1038998.6
11693,1038998.6
11694,1038998.6
11695,1038998.6
11696,1038998.6
11697,1038998.6
11698,1038998.6
11699,1038998.6
11700,1038998.6
11701,1038998.6
11702,1038998.6
11703,1038998.6
11704,1038998.6
11705,1038998.6
11706,1038998.6
11707,1038998.6
11708,1038998.6
11709,1038998.6
11710,1038998.6
11711,1038998.6
11712,1038998.6
11713,1038998.6
11714,1038998.6
11715,1038998.6
11716,1038998.6
11717,1038998.6
11718,1038998.6
11719,1038998.6
11720,1038998.6
11721,1038998.6
11722,1038998.6
11723,1038998.6
11724,1038998.6
11725,1038998.6
11726,1038998.6
11727,1038998.6
11728,1038998.6
11729,1038998.6
11730,1038998.6
11731,1038998.6
11732,1038998.6
11733,1038998.6
11734,1038998.6
11735,1038998.6
11736,1038998.6
11737,1038998.6
11738,1038998.6
11739,1038998.6
11740,1038998.6
11741,1038998.6
11742,1038998.6
11743,1038998.6
11744,1038998.6
11745,1038998.6
11746,1038998.6
11747,1038998.6
11748,1038998.6
11749,1038998.6
11750,1038998.6
11751,1038998.6
11752,1038998.6
11753,1038998.6
11754,1038998.6
11755,1038998.6
11756,1038998.6
11757,1038998.6
11758,1038998.6
11759,1038998.6
11760,1038998.6
11761,1038998.6
11762,1038998.6
11763,1038998.6
11764,1038998.6
11765,1038998.6
11766,1038998.6
11767,1038998.6
11768,1038998.6
11769,1038998.6
11770,1038998.6
11771,1038998.6
11772,1038998.6
11773,1038998.6
11774,1038998.6
11775,1038998.6
11776,1038998.6
11777,1038998.6
11778,1038998.6
11779,1038998.6
11780,1038998.6
11781,1038998.6
11782,1038998.6
11783,1038998.6
11784,1038998.6
11785,1038998.6
11786,1038998.6
11787,1038998.6
11788,1038998.6
11789,1038998.6
11790,1038998.6
11791,1038998.6
11792,1038998.6
11793,1038998.6
11794,1038998.6
11795,1038998.6
11796,1038998.6
11797,1038998.6
11798,1038998.6
11799,1038998.6
11800,1038998.6
11801,1038998.6
11802,1038998.6
11803,1038998.6
11804,1038998.6
11805,1038998.6
11806,1038998.6
11807,1038998.6
11808,1038998.6
11809,1038998.6
11810,1038998.6
11811,1038998.6
11812,1038998.6
11813,1038998.6
11814,1038998.6
11815,1038998.6
11816,1038998.6
11817,1038998.6
11818,1038998.6
11819,1038998.6
11820,1038998.6
11821,1038998.6
11822,1038998.6
11823,1038998.6
11824,1038998.6
11825,1038998.6
11826,1038998.6
11827,1038998.6
11828,1038998.6
11829,1038998.6
11830,1038998.6
11831,1038998.6
11832,1038998.6
11833,1038998.6
11834,1038998.6
11835,1038998.6
11836,1038998.6
11837,1038998.6
11838,1038998.6
11839,1038998.6
11840,1038998.6
11841,1038998.6
11842,1038998.6
11843,1038998.6
11844,1038998.6
11845,1038998.6
11846,1038998.6
11847,1038998.6
11848,1038998.6
11849,1038998.6
11850,1038998.6
11851,1038998.6
11852,1038998.6
11853,1038998.6
11854,1038998.6
11855,1038998.6
11856,1038998.6
11857,1038998.6
11858,1038998.6
11859,1038998.6
11860,1038998.6
11861,1038998.6
11862,1038998.6
11863,1038998.6
11864,1038998.6
11865,1038998.6
11866,1038998.6
11867,1038998.6
11868,1038998.6
11869,1038998.6
11870,1038998.6
11871,1038998.6
11872,1038998.6
11873,1038998.6
11874,1038998.6
11875,1038998.6
11876,1038998.6
11877,1038998.6
11878,1038998.6
11879,1038998.6
11880,1038998.6
11881,1038998.6
11882,1038998.6
11883,1038998.6
11884,1038998.6
11885,1038998.6
11886,1038998.6
11887,1038998.6
11888,1038998.6
11889,1038998.6
11890,1038998.6
11891,1038998.6
11892,1038998.6
11893,1038998.6
11894,1038998.6
11895,1038998.6
11896,1038998.6
11897,1038998.6
11898,1038998.6
11899,1038998.6
11900,1038998.6
11901,1038998.6
11902,1038998.6
11903,1038998.6
11904,1038998.6
11905,1038998.6
11906,1038998.6
11907,1038998.6
11908,1038998.6
11909,1038998.6
11910,1038998.6
11911,1038998.6
11912,1038998.6
11913,1038998.6
11914,1038998.6
11915,1038998.6
11916,1038998.6
11917,1038998.6
11918,1038998.6
11919,1038998.6
11920,1038998.6
11921,1038998.6
11922,1038998.6
11923,1038998.6
11924,1038998.6
11925,1038998.6
11926,1038998.6
11927,1038998.6
11928,1038998.6
11929,1038998.6
11930,1038998.6
11931,1038998.6
11932,1038998.6
11933,1038998.6
11934,1038998.6
11935,1038998.6
11936,1038998.6
11937,1038998.6
11938,1038998.6
11939,1038998.6
11940,1038998.6
11941,1038998.6
11942,1038998.6
11943,1038998.6
11944,1038998.6
11945,1038998.6
11946,1038998.6
11947,1038998.6
11948,1038998.6
11949,1038998.6
11950,1038998.6
11951,1038998.6
11952,1038998.6
11953,1038998.6
11954,1038998.6
11955,1038998.6
11956,1038998.6
11957,1038998.6
11958,1038998.6
11959,1038998.6
11960,1038998.6
11961,1038998.6
11962,1038998.6
11963,1038998.6
11964,1038998.6
11965,1038998.6
11966,1038998.6
11967,1038998.6
11968,1038998.6
11969,1038998.6
11970,1038998.6
11971,1038998.6
11972,1038998.6
11973,1038998.6
11974,1038998.6
11975,1038998.6
11976,1038998.6
11977,1038998.6
11978,1038998.6
11979,1038998.6
11980,1038998.6
11981,1038998.6
11982,1038998.6
11983,1038998.6
11984,1038998.6
11985,1038998.6
11986,1038998.6
11987,1038998.6
11988,1038998.6
11989,1038998.6
11990,1038998.6
11991,1038998.6
11992,1038998.6
11993,1038998.6
11994,1038998.6
11995,1038998.6
11996,1038998.6
11997,1038998.6
11998,1038998.6
11999,1038998.6
12000,1038998.6
12001,1038998.6
12002,1038998.6
12003,1038998.6
12004,1038998.6
12005,1038998.6
12006,1038998.6
12007,1038998.6
12008,1038998.6
12009,1038998.6
12010,1038998.6
12011,1038998.6
12012,1038998.6
12013,1038998.6
12014,1038998.6
12015,1038998.6
12016,1038998.6
12017,1038998.6
12018,1038998.6
12019,1038998.6
12020,1038998.6
12021,1038998.6
12022,1038998.6
12023,1038998.6
12024,1038998.6
12025,1038998.6
12026,1038998.6
12027,1038998.6
12028,1038998.6
12029,1038998.6
12030,1038998.6
12031,1038998.6
12032,1038998.6
12033,1038998.6
12034,1038998.6
12035,1038998.6
12036,1038998.6
12037,1038998.6
12038,1038998.6
12039,1038998.6
12040,1038998.6
12041,1038998.6
12042,1038998.6
12043,1038998.6
12044,1038998.6
12045,1038998.6
12046,1038998.6
12047,1038998.6
12048,1038998.6
12049,1038998.6
12050,1038998.6
12051,1038998.6
12052,1038998.6
12053,1038998.6
12054,1038998.6
12055,1038998.6
12056,1038998.6
12057,1038998.6
12058,1038998.6
12059,1038998.6
12060,1038998.6
12061,1038998.6
12062,1038998.6
12063,1038998.6
12064,1038998.6
12065,1038998.6
12066,1038998.6
12067,1038998.6
12068,1038998.6
12069,1038998.6
12070,1038998.6
12071,1038998.6
12072,1038998.6
12073,1038998.6
12074,1038998.6
12075,1038998.6
12076,1038998.6
12077,1038998.6
12078,1038998.6
12079,1038998.6
12080,1038998.6
12081,1038998.6
12082,1038998.6
12083,1038998.6
12084,1038998.6
12085,1038998.6
12086,1038998.6
12087,1038998.6
12088,1038998.6
12089,1038998.6
12090,1038998.6
12091,1038998.6
12092,1038998.6
12093,1038998.6
12094,1038998.6
12095,1038998.6
12096,1038998.6
12097,1038998.6
12098,1038998.6
12099,1038998.6
12100,1038998.6
12101,1038998.6
12102,1038998.6
12103,1038998.6
12104,1038998.6
12105,1038998.6
12106,1038998.6
12107,1038998.6
12108,1038998.6
12109,1038998.6
12110,1038998.6
12111,1038998.6
12112,1038998.6
12113,1038998.6
12114,1038998.6
12115,1038998.6
12116,1038998.6
12117,1038998.6
12118,1038998.6
12119,1038998.6
12120,1038998.6
12121,1038998.6
12122,1038998.6
12123,1038998.6
12124,1038998.6
12125,1038998.6
12126,1038998.6
12127,1038998.6
12128,1038998.6
12129,1038998.6
12130,1038998.6
12131,1038998.6
12132,1038998.6
12133,1038998.6
12134,1038998.6
12135,1038998.6
12136,1038998.6
12137,1038998.6
12138,1038998.6
12139,1038998.6
12140,1038998.6
12141,1038998.6
12142,1038998.6
12143,1038998.6
12144,1038998.6
12145,1038998.6
12146,1038998.6
12147,1038998.6
12148,1038998.6
12149,1038998.6
12150,1038998.6
12151,1038998.6
12152,1038998.6
12153,1038998.6
12154,1038998.6
12155,1038998.6
12156,1038998.6
12157,1038998.6
12158,1038998.6
12159,1038998.6
12160,1038998.6
12161,1038998.6
12162,1038998.6
12163,1038998.6
12164,1038998.6
12165,1038998.6
12166,1038998.6
12167,1038998.6
12168,1038998.6
12169,1038998.6
12170,1038998.6
12171,1038998.6
12172,1038998.6
12173,1038998.6
12174,1038998.6
12175,1038998.6
12176,1038998.6
12177,1038998.6
12178,1038998.6
12179,1038998.6
12180,1038998.6
12181,1038998.6
12182,1038998.6
12183,1038998.6
12184,1038998.6
12185,1038998.6
12186,1038998.6
12187,1038998.6
12188,1038998.6
12189,1038998.6
12190,1038998.6
12191,1038998.6
12192,1038998.6
12193,1038998.6
12194,1038998.6
12195,1038998.6
12196,1038998.6
12197,1038998.6
12198,1038998.6
12199,1038998.6
12200,1038998.6
12201,1038998.6
12202,1038998.6
12203,1038998.6
12204,1038998.6
12205,1038998.6
12206,1038998.6
12207,1038998.6
12208,1038998.6
12209,1038998.6
12210,1038998.6
12211,1038998.6
12212,1038998.6
12213,1038998.6
12214,1038998.6
12215,1038998.6
12216,1038998.6
12217,1038998.6
12218,1038998.6
12219,1038998.6
12220,1038998.6
12221,1038998.6
12222,1038998.6
12223,1038998.6
12224,1038998.6
12225,1038998.6
12226,1038998.6
12227,1038998.6
12228,1038998.6
12229,1038998.6
12230,1038998.6
12231,1038998.6
12232,1038998.6
12233,1038998.6
12234,1038998.6
12235,1038998.6
12236,1038998.6
12237,1038998.6
12238,1038998.6
12239,1038998.6
12240,1038998.6
12241,1038998.6
12242,1038998.6
12243,1038998.6
12244,1038998.6
12245,1038998.6
12246,1038998.6
12247,1038998.6
12248,1038998.6
12249,1038998.6
12250,1038998.6
12251,1038998.6
12252,1038998.6
12253,1038998.6
12254,1038998.6
12255,1038998.6
12256,1038998.6
12257,1038998.6
12258,1038998.6
12259,1038998.6
12260,1038998.6
12261,1038998.6
12262,1038998.6
12263,1038998.6
12264,1038998.6
12265,1038998.6
12266,1038998.6
12267,1038998.6
12268,1038998.6
12269,1038998.6
12270,1038998.6
12271,1038998.6
12272,1038998.6
12273,1038998.6
12274,1038998.6
12275,1038998.6
12276,1038998.6
12277,1038998.6
12278,1038998.6
12279,1038998.6
12280,1038998.6
12281,1038998.6
12282,1038998.6
12283,1038998.6
12284,1038998.6
12285,1038998.6
12286,1038998.6
12287,1038998.6
12288,1038998.6
12289,1038998.6
12290,1038998.6
12291,1038998.6
12292,1038998.6
12293,1038998.6
12294,1038998.6
12295,1038998.6
12296,1038998.6
12297,1038998.6
12298,1038998.6
12299,1038998.6
12300,1038998.6
12301,1038998.6
12302,1038998.6
12303,1038998.6
12304,1038998.6
12305,1038998.6
12306,1038998.6
12307,1038998.6
12308,1038998.6
12309,1038998.6
12310,1038998.6
12311,1038998.6
12312,1038998.6
12313,1038998.6
12314,1038998.6
12315,1038998.6
12316,1038998.6
12317,1038998.6
12318,1038998.6
12319,1038998.6
12320,1038998.6
12321,1038998.6
12322,1038998.6
12323,1038998.6
12324,1038998.6
12325,1038998.6
12326,1038998.6
12327,1038998.6
12328,1038998.6
12329,1038998.6
12330,1038998.6
12331,1038998.6
12332,1038998.6
12333,1038998.6
12334,1038998.6
12335,1038998.6
12336,1038998.6
12337,1038998.6
12338,1038998.6
12339,1038998.6
12340,1038998.6
12341,1038998.6
12342,1038998.6
12343,1038998.6
12344,1038998.6
12345,1038998.6
12346,1038998.6
12347,1038998.6
12348,1038998.6
12349,1038998.6
12350,1038998.6
12351,1038998.6
12352,1038998.6
12353,1038998.6
12354,1038998.6
12355,1038998.6
12356,1038998.6
12357,1038998.6
12358,1038998.6
12359,1038998.6
12360,1038998.6
12361,1038998.6
12362,1038998.6
12363,1038998.6
12364,1038998.6
12365,1038998.6
12366,1038998.6
12367,1038998.6
12368,1038998.6
12369,1038998.6
12370,1038998.6
12371,1038998.6
12372,1038998.6
12373,1038998.6
12374,1038998.6
12375,1038998.6
12376,1038998.6
12377,1038998.6
12378,1038998.6
12379,1038998.6
12380,1038998.6
12381,1038998.6
12382,1038998.6
12383,1038998.6
12384,1038998.6
12385,1038998.6
12386,1038998.6
12387,1038998.6
12388,1038998.6
12389,1038998.6
12390,1038998.6
12391,1038998.6
12392,1038998.6
12393,1038998.6
12394,1038998.6
12395,1038998.6
12396,1038998.6
12397,1038998.6
12398,1038998.6
12399,1038998.6
12400,1038998.6
12401,1038998.6
12402,1038998.6
12403,1038998.6
12404,1038998.6
12405,1038998.6
12406,1038998.6
12407,1038998.6
12408,1038998.6
12409,1038998.6
12410,1038998.6
12411,1038998.6
12412,1038998.6
12413,1038998.6
12414,1038998.6
12415,1038998.6
12416,1038998.6
12417,1038998.6
12418,1038998.6
12419,1038998.6
12420,1038998.6
12421,1038998.6
12422,1038998.6
12423,1038998.6
12424,1038998.6
12425,1038998.6
12426,1038998.6
12427,1038998.6
12428,1038998.6
12429,1038998.6
12430,1038998.6
12431,1038998.6
12432,1038998.6
12433,1038998.6
12434,1038998.6
12435,1038998.6
12436,1038998.6
12437,1038998.6
12438,1038998.6
12439,1038998.6
12440,1038998.6
12441,1038998.6
12442,1038998.6
12443,1038998.6
12444,1038998.6
12445,1038998.6
12446,1038998.6
12447,1038998.6
12448,1038998.6
12449,1038998.6
12450,1038998.6
12451,1038998.6
12452,1038998.6
12453,1038998.6
12454,1038998.6
12455,1038998.6
12456,1038998.6
12457,1038998.6
12458,1038998.6
12459,1038998.6
12460,1038998.6
12461,1038998.6
12462,1038998.6
12463,1038998.6
12464,1038998.6
12465,1038998.6
12466,1038998.6
12467,1038998.6
12468,1038998.6
12469,1038998.6
12470,1038998.6
12471,1038998.6
12472,1038998.6
12473,1038998.6
12474,1038998.6
12475,1038998.6
12476,1038998.6
12477,1038998.6
12478,1038998.6
12479,1038998.6
12480,1038998.6
12481,1038998.6
12482,1038998.6
12483,1038998.6
12484,1038998.6
12485,1038998.6
12486,1038998.6
12487,1038998.6
12488,1038998.6
12489,1038998.6
12490,1038998.6
12491,1038998.6
12492,1038998.6
12493,1038998.6
12494,1038998.6
12495,1038998.6
12496,1038998.6
12497,1038998.6
12498,1038998.6
12499,1038998.6
12500,1038998.6
12501,1038998.6
12502,1038998.6
12503,1038998.6
12504,1038998.6
12505,1038998.6
12506,1038998.6
12507,1038998.6
12508,1038998.6
12509,1038998.6
12510,1038998.6
12511,1038998.6
12512,1038998.6
12513,1038998.6
12514,1038998.6
12515,1038998.6
12516,1038998.6
12517,1038998.6
12518,1038998.6
12519,1038998.6
12520,1038998.6
12521,1038998.6
12522,1038998.6
12523,1038998.6
12524,1038998.6
12525,1038998.6
12526,1038998.6
12527,1038998.6
12528,1038998.6
12529,1038998.6
12530,1038998.6
12531,1038998.6
12532,1038998.6
12533,1038998.6
12534,1038998.6
12535,1038998.6
12536,1038998.6
12537,1038998.6
12538,1038998.6
12539,1038998.6
12540,1038998.6
12541,1038998.6
12542,1038998.6
12543,1038998.6
12544,1038998.6
12545,1038998.6
12546,1038998.6
12547,1038998.6
12548,1038998.6
12549,1038998.6
12550,1038998.6
12551,1038998.6
12552,1038998.6
12553,1038998.6
12554,1038998.6
12555,1038998.6
12556,1038998.6
12557,1038998.6
12558,1038998.6
12559,1038998.6
12560,1038998.6
12561,1038998.6
12562,1038998.6
12563,1038998.6
12564,1038998.6
12565,1038998.6
12566,1038998.6
12567,1038998.6
12568,1038998.6
12569,1038998.6
12570,1038998.6
12571,1038998.6
12572,1038998.6
12573,1038998.6
12574,1038998.6
12575,1038998.6
12576,1038998.6
12577,1038998.6
12578,1038998.6
12579,1038998.6
12580,1038998.6
12581,1038998.6
12582,1038998.6
12583,1038998.6
12584,1038998.6
12585,1038998.6
12586,1038998.6
12587,1038998.6
12588,1038998.6
12589,1038998.6
12590,1038998.6
12591,1038998.6
12592,1038998.6
12593,1038998.6
12594,1038998.6
12595,1038998.6
12596,1038998.6
12597,1038998.6
12598,1038998.6
12599,1038998.6
12600,1038998.6
12601,1038998.6
12602,1038998.6
12603,1038998.6
12604,1038998.6
12605,1038998.6
12606,1038998.6
12607,1038998.6
12608,1038998.6
12609,1038998.6
12610,1038998.6
12611,1038998.6
12612,1038998.6
12613,1038998.6
12614,1038998.6
12615,1038998.6
12616,1038998.6
12617,1038998.6
12618,1038998.6
12619,1038998.6
12620,1038998.6
12621,1038998.6
12622,1038998.6
12623,1038998.6
12624,1038998.6
12625,1038998.6
12626,1038998.6
12627,1038998.6
12628,1038998.6
12629,1038998.6
12630,1038998.6
12631,1038998.6
12632,1038998.6
12633,1038998.6
12634,1038998.6
12635,1038998.6
12636,1038998.6
12637,1038998.6
12638,1038998.6
12639,1038998.6
12640,1038998.6
12641,1038998.6
12642,1038998.6
12643,1038998.6
12644,1038998.6
12645,1038998.6
12646,1038998.6
12647,1038998.6
12648,1038998.6
12649,1038998.6
12650,1038998.6
12651,1038998.6
12652,1038998.6
12653,1038998.6
12654,1038998.6
12655,1038998.6
12656,1038998.6
12657,1038998.6
12658,1038998.6
12659,1038998.6
12660,1038998.6
12661,1038998.6
12662,1038998.6
12663,1038998.6
12664,1038998.6
12665,1038998.6
12666,1038998.6
12667,1038998.6
12668,1038998.6
12669,1038998.6
12670,1038998.6
12671,1038998.6
12672,1038998.6
12673,1038998.6
12674,1038998.6
12675,1038998.6
12676,1038998.6
12677,1038998.6
12678,1038998.6
12679,1038998.6
12680,1038998.6
12681,1038998.6
12682,1038998.6
12683,1038998.6
12684,1038998.6
12685,1038998.6
12686,1038998.6
12687,1038998.6
12688,1038998.6
12689,1038998.6
12690,1038998.6
12691,1038998.6
12692,1038998.6
12693,1038998.6
12694,1038998.6
12695,1038998.6
12696,1038998.6
12697,1038998.6
12698,1038998.6
12699,1038998.6
12700,1038998.6
12701,1038998.6
12702,1038998.6
12703,1038998.6
12704,1038998.6
12705,1038998.6
12706,1038998.6
12707,1038998.6
12708,1038998.6
12709,1038998.6
12710,1038998.6
12711,1038998.6
12712,1038998.6
12713,1038998.6
12714,1038998.6
12715,1038998.6
12716,1038998.6
12717,1038998.6
12718,1038998.6
12719,1038998.6
12720,1038998.6
12721,1038998.6
12722,1038998.6
12723,1038998.6
12724,1038998.6
12725,1038998.6
12726,1038998.6
12727,1038998.6
12728,1038998.6
12729,1038998.6
12730,1038998.6
12731,1038998.6
12732,1038998.6
12733,1038998.6
12734,1038998.6
12735,1038998.6
12736,1038998.6
12737,1038998.6
12738,1038998.6
12739,1038998.6
12740,1038998.6
12741,1038998.6
12742,1038998.6
12743,1038998.6
12744,1038998.6
12745,1038998.6
12746,1038998.6
12747,1038998.6
12748,1038998.6
12749,1038998.6
12750,1038998.6
12751,1038998.6
12752,1038998.6
12753,1038998.6
12754,1038998.6
12755,1038998.6
12756,1038998.6
12757,1038998.6
12758,1038998.6
12759,1038998.6
12760,1038998.6
12761,1038998.6
12762,1038998.6
12763,1038998.6
12764,1038998.6
12765,1038998.6
12766,1038998.6
12767,1038998.6
12768,1038998.6
12769,1038998.6
12770,1038998.6
12771,1038998.6
12772,1038998.6
12773,1038998.6
12774,1038998.6
12775,1038998.6
12776,1038998.6
12777,1038998.6
12778,1038998.6
12779,1038998.6
12780,1038998.6
12781,1038998.6
12782,1038998.6
12783,1038998.6
12784,1038998.6
12785,1038998.6
12786,1038998.6
12787,1038998.6
12788,1038998.6
12789,1038998.6
12790,1038998.6
12791,1038998.6
12792,1038998.6
12793,1038998.6
12794,1038998.6
12795,1038998.6
12796,1038998.6
12797,1038998.6
12798,1038998.6
12799,1038998.6
12800,1038998.6
12801,1038998.6
12802,1038998.6
12803,1038998.6
12804,1038998.6
12805,1038998.6
12806,1038998.6
12807,1038998.6
12808,1038998.6
12809,1038998.6
12810,1038998.6
12811,1038998.6
12812,1038998.6
12813,1038998.6
12814,1038998.6
12815,1038998.6
12816,1038998.6
12817,1038998.6
12818,1038998.6
12819,1038998.6
12820,1038998.6
12821,1038998.6
12822,1038998.6
12823,1038998.6
12824,1038998.6
12825,1038998.6
12826,1038998.6
12827,1038998.6
12828,1038998.6
12829,1038998.6
12830,1038998.6
12831,1038998.6
12832,1038998.6
12833,1038998.6
12834,1038998.6
12835,1038998.6
12836,1038998.6
12837,1038998.6
12838,1038998.6
12839,1038998.6
12840,1038998.6
12841,1038998.6
12842,1038998.6
12843,1038998.6
12844,1038998.6
12845,1038998.6
12846,1038998.6
12847,1038998.6
12848,1038998.6
12849,1038998.6
12850,1038998.6
12851,1038998.6
12852,1038998.6
12853,1038998.6
12854,1038998.6
12855,1038998.6
12856,1038998.6
12857,1038998.6
12858,1038998.6
12859,1038998.6
12860,1038998.6
12861,1038998.6
12862,1038998.6
12863,1038998.6
12864,1038998.6
12865,1038998.6
12866,1038998.6
12867,1038998.6
12868,1038998.6
12869,1038998.6
12870,1038998.6
12871,1038998.6
12872,1038998.6
12873,1038998.6
12874,1038998.6
12875,1038998.6
12876,1038998.6
12877,1038998.6
12878,1038998.6
12879,1038998.6
12880,1038998.6
12881,1038998.6
12882,1038998.6
12883,1038998.6
12884,1038998.6
12885,1038998.6
12886,1038998.6
12887,1038998.6
12888,1038998.6
12889,1038998.6
12890,1038998.6
12891,1038998.6
12892,1038998.6
12893,1038998.6
12894,1038998.6
12895,1038998.6
12896,1038998.6
12897,1038998.6
12898,1038998.6
12899,1038998.6
12900,1038998.6
12901,1038998.6
12902,1038998.6
12903,1038998.6
12904,1038998.6
12905,1038998.6
12906,1038998.6
12907,1038998.6
12908,1038998.6
12909,1038998.6
12910,1038998.6
12911,1038998.6
12912,1038998.6
12913,1038998.6
12914,1038998.6
12915,1038998.6
12916,1038998.6
12917,1038998.6
12918,1038998.6
12919,1038998.6
12920,1038998.6
12921,1038998.6
12922,1038998.6
12923,1038998.6
12924,1038998.6
12925,1038998.6
12926,1038998.6
12927,1038998.6
12928,1038998.6
12929,1038998.6
12930,1038998.6
12931,1038998.6
12932,1038998.6
12933,1038998.6
12934,1038998.6
12935,1038998.6
12936,1038998.6
12937,1038998.6
12938,1038998.6
12939,1038998.6
12940,1038998.6
12941,1038998.6
12942,1038998.6
12943,1038998.6
12944,1038998.6
12945,1038998.6
12946,1038998.6
12947,1038998.6
12948,1038998.6
12949,1038998.6
12950,1038998.6
12951,1038998.6
12952,1038998.6
12953,1038998.6
12954,1038998.6
12955,1038998.6
12956,1038998.6
12957,1038998.6
12958,1038998.6
12959,1038998.6
12960,1038998.6
12961,1038998.6
12962,1038998.6
12963,1038998.6
12964,1038998.6
12965,1038998.6
12966,1038998.6
12967,1038998.6
12968,1038998.6
12969,1038998.6
12970,1038998.6
12971,1038998.6
12972,1038998.6
12973,1038998.6
12974,1038998.6
12975,1038998.6
12976,1038998.6
12977,1038998.6
12978,1038998.6
12979,1038998.6
12980,1038998.6
12981,1038998.6
12982,1038998.6
12983,1038998.6
12984,1038998.6
12985,1038998.6
12986,1038998.6
12987,1038998.6
12988,1038998.6
12989,1038998.6
12990,1038998.6
12991,1038998.6
12992,1038998.6
12993,1038998.6
12994,1038998.6
12995,1038998.6
12996,1038998.6
12997,1038998.6
12998,1038998.6
12999,1038998.6
13000,1038998.6
13001,1038998.6
13002,1038998.6
13003,1038998.6
13004,1038998.6
13005,1038998.6
13006,1038998.6
13007,1038998.6
13008,1038998.6
13009,1038998.6
13010,1038998.6
13011,1038998.6
13012,1038998.6
13013,1038998.6
13014,1038998.6
13015,1038998.6
13016,1038998.6
13017,1038998.6
13018,1038998.6
13019,1038998.6
13020,1038998.6
13021,1038998.6
13022,1038998.6
13023,1038998.6
13024,1038998.6
13025,1038998.6
13026,1038998.6
13027,1038998.6
13028,1038998.6
13029,1038998.6
13030,1038998.6
13031,1038998.6
13032,1038998.6
13033,1038998.6
13034,1038998.6
13035,1038998.6
13036,1038998.6
13037,1038998.6
13038,1038998.6
13039,1038998.6
13040,1038998.6
13041,1038998.6
13042,1038998.6
13043,1038998.6
13044,1038998.6
13045,1038998.6
13046,1038998.6
13047,1038998.6
13048,1038998.6
13049,1038998.6
13050,1038998.6
13051,1038998.6
13052,1038998.6
13053,1038998.6
13054,1038998.6
13055,1038998.6
13056,1038998.6
13057,1038998.6
13058,1038998.6
13059,1038998.6
13060,1038998.6
13061,1038998.6
13062,1038998.6
13063,1038998.6
13064,1038998.6
13065,1038998.6
13066,1038998.6
13067,1038998.6
13068,1038998.6
13069,1038998.6
13070,1038998.6
13071,1038998.6
13072,1038998.6
13073,1038998.6
13074,1038998.6
13075,1038998.6
13076,1038998.6
13077,1038998.6
13078,1038998.6
13079,1038998.6
13080,1038998.6
13081,1038998.6
13082,1038998.6
13083,1038998.6
13084,1038998.6
13085,1038998.6
13086,1038998.6
13087,1038998.6
13088,1038998.6
13089,1038998.6
13090,1038998.6
13091,1038998.6
13092,1038998.6
13093,1038998.6
13094,1038998.6
13095,1038998.6
13096,1038998.6
13097,1038998.6
13098,1038998.6
13099,1038998.6
13100,1038998.6
13101,1038998.6
13102,1038998.6
13103,1038998.6
13104,1038998.6
13105,1038998.6
13106,1038998.6
13107,1038998.6
13108,1038998.6
13109,1038998.6
13110,1038998.6
13111,1038998.6
13112,1038998.6
13113,1038998.6
13114,1038998.6
13115,1038998.6
13116,1038998.6
13117,1038998.6
13118,1038998.6
13119,1038998.6
13120,1038998.6
13121,1038998.6
13122,1038998.6
13123,1038998.6
13124,1038998.6
13125,1038998.6
13126,1038998.6
13127,1038998.6
13128,1038998.6
13129,1038998.6
13130,1038998.6
13131,1038998.6
13132,1038998.6
13133,1038998.6
13134,1038998.6
13135,1038998.6
13136,1038998.6
13137,1038998.6
13138,1038998.6
13139,1038998.6
13140,1038998.6
13141,1038998.6
13142,1038998.6
13143,1038998.6
13144,1038998.6
13145,1038998.6
13146,1038998.6
13147,1038998.6
13148,1038998.6
13149,1038998.6
13150,1038998.6
13151,1038998.6
13152,1038998.6
13153,1038998.6
13154,1038998.6
13155,1038998.6
13156,1038998.6
13157,1038998.6
13158,1038998.6
13159,1038998.6
13160,1038998.6
13161,1038998.6
13162,1038998.6
13163,1038998.6
13164,1038998.6
13165,1038998.6
13166,1038998.6
13167,1038998.6
13168,1038998.6
13169,1038998.6
13170,1038998.6
13171,1038998.6
13172,1038998.6
13173,1038998.6
13174,1038998.6
13175,1038998.6
13176,1038998.6
13177,1038998.6
13178,1038998.6
13179,1038998.6
13180,1038998.6
13181,1038998.6
13182,1038998.6
13183,1038998.6
13184,1038998.6
13185,1038998.6
13186,1038998.6
13187,1038998.6
13188,1038998.6
13189,1038998.6
13190,1038998.6
13191,1038998.6
13192,1038998.6
13193,1038998.6
13194,1038998.6
13195,1038998.6
13196,1038998.6
13197,1038998.6
13198,1038998.6
13199,1038998.6
13200,1038998.6
13201,1038998.6
13202,1038998.6
13203,1038998.6
13204,1038998.6
13205,1038998.6
13206,1038998.6
13207,1038998.6
13208,1038998.6
13209,1038998.6
13210,1038998.6
13211,1038998.6
13212,1038998.6
13213,1038998.6
13214,1038998.6
13215,1038998.6
13216,1038998.6
13217,1038998.6
13218,1038998.6
13219,1038998.6
13220,1038998.6
13221,1038998.6
13222,1038998.6
13223,1038998.6
13224,1038998.6
13225,1038998.6
13226,1038998.6
13227,1038998.6
13228,1038998.6
13229,1038998.6
13230,1038998.6
13231,1038998.6
13232,1038998.6
13233,1038998.6
13234,1038998.6
13235,1038998.6
13236,1038998.6
13237,1038998.6
13238,1038998.6
13239,1038998.6
13240,1038998.6
13241,1038998.6
13242,1038998.6
13243,1038998.6
13244,1038998.6
13245,1038998.6
13246,1038998.6
13247,1038998.6
13248,1038998.6
13249,1038998.6
13250,1038998.6
13251,1038998.6
13252,1038998.6
13253,1038998.6
13254,1038998.6
13255,1038998.6
13256,1038998.6
13257,1038998.6
13258,1038998.6
13259,1038998.6
13260,1038998.6
13261,1038998.6
13262,1038998.6
13263,1038998.6
13264,1038998.6
13265,1038998.6
13266,1038998.6
13267,1038998.6
13268,1038998.6
13269,1038998.6
13270,1038998.6
13271,1038998.6
13272,1038998.6
13273,1038998.6
13274,1038998.6
13275,1038998.6
13276,1038998.6
13277,1038998.6
13278,1038998.6
13279,1038998.6
13280,1038998.6
13281,1038998.6
13282,1038998.6
13283,1038998.6
13284,1038998.6
13285,1038998.6
13286,1038998.6
13287,1038998.6
13288,1038998.6
13289,1038998.6
13290,1038998.6
13291,1038998.6
13292,1038998.6
13293,1038998.6
13294,1038998.6
13295,1038998.6
13296,1038998.6
13297,1038998.6
13298,1038998.6
13299,1038998.6
13300,1038998.6
13301,1038998.6
13302,1038998.6
13303,1038998.6
13304,1038998.6
13305,1038998.6
13306,1038998.6
13307,1038998.6
13308,1038998.6
13309,1038998.6
13310,1038998.6
13311,1038998.6
13312,1038998.6
13313,1038998.6
13314,1038998.6
13315,1038998.6
13316,1038998.6
13317,1038998.6
13318,1038998.6
13319,1038998.6
13320,1038998.6
13321,1038998.6
13322,1038998.6
13323,1038998.6
13324,1038998.6
13325,1038998.6
13326,1038998.6
13327,1038998.6
13328,1038998.6
13329,1038998.6
13330,1038998.6
13331,1038998.6
13332,1038998.6
13333,1038998.6
13334,1038998.6
13335,1038998.6
13336,1038998.6
13337,1038998.6
13338,1038998.6
13339,1038998.6
13340,1038998.6
13341,1038998.6
13342,1038998.6
13343,1038998.6
13344,1038998.6
13345,1038998.6
13346,1038998.6
13347,1038998.6
13348,1038998.6
13349,1038998.6
13350,1038998.6
13351,1038998.6
13352,1038998.6
13353,1038998.6
13354,1038998.6
13355,1038998.6
13356,1038998.6
13357,1038998.6
13358,1038998.6
13359,1038998.6
13360,1038998.6
13361,1038998.6
13362,1038998.6
13363,1038998.6
13364,1038998.6
13365,1038998.6
13366,1038998.6
13367,1038998.6
13368,1038998.6
13369,1038998.6
13370,1038998.6
13371,1038998.6
13372,1038998.6
13373,1038998.6
13374,1038998.6
13375,1038998.6
13376,1038998.6
13377,1038998.6
13378,1038998.6
13379,1038998.6
13380,1038998.6
13381,1038998.6
13382,1038998.6
13383,1038998.6
13384,1038998.6
13385,1038998.6
13386,1038998.6
13387,1038998.6
13388,1038998.6
13389,1038998.6
13390,1038998.6
13391,1038998.6
13392,1038998.6
13393,1038998.6
13394,1038998.6
13395,1038998.6
13396,1038998.6
13397,1038998.6
13398,1038998.6
13399,1038998.6
13400,1038998.6
13401,1038998.6
13402,1038998.6
13403,1038998.6
13404,1038998.6
13405,1038998.6
13406,1038998.6
13407,1038998.6
13408,1038998.6
13409,1038998.6
13410,1038998.6
13411,1038998.6
13412,1038998.6
13413,1038998.6
13414,1038998.6
13415,1038998.6
13416,1038998.6
13417,1038998.6
13418,1038998.6
13419,1038998.6
13420,1038998.6
13421,1038998.6
13422,1038998.6
13423,1038998.6
13424,1038998.6
13425,1038998.6
13426,1038998.6
13427,1038998.6
13428,1038998.6
13429,1038998.6
13430,1038998.6
13431,1038998.6
13432,1038998.6
13433,1038998.6
13434,1038998.6
13435,1038998.6
13436,1038998.6
13437,1038998.6
13438,1038998.6
13439,1038998.6
13440,1038998.6
13441,1038998.6
13442,1038998.6
13443,1038998.6
13444,1038998.6
13445,1038998.6
13446,1038998.6
13447,1038998.6
13448,1038998.6
13449,1038998.6
13450,1038998.6
13451,1038998.6
13452,1038998.6
13453,1038998.6
13454,1038998.6
13455,1038998.6
13456,1038998.6
13457,1038998.6
13458,1038998.6
13459,1038998.6
13460,1038998.6
13461,1038998.6
13462,1038998.6
13463,1038998.6
13464,1038998.6
13465,1038998.6
13466,1038998.6
13467,1038998.6
13468,1038998.6
13469,1038998.6
13470,1038998.6
13471,1038998.6
13472,1038998.6
13473,1038998.6
13474,1038998.6
13475,1038998.6
13476,1038998.6
13477,1038998.6
13478,1038998.6
13479,1038998.6
13480,1038998.6
13481,1038998.6
13482,1038998.6
13483,1038998.6
13484,1038998.6
13485,1038998.6
13486,1038998.6
13487,1038998.6
13488,1038998.6
13489,1038998.6
13490,1038998.6
13491,1038998.6
13492,1038998.6
13493,1038998.6
13494,1038998.6
13495,1038998.6
13496,1038998.6
13497,1038998.6
13498,1038998.6
13499,1038998.6
13500,1038998.6
13501,1038998.6
13502,1038998.6
13503,1038998.6
13504,1038998.6
13505,1038998.6
13506,1038998.6
13507,1038998.6
13508,1038998.6
13509,1038998.6
13510,1038998.6
13511,1038998.6
13512,1038998.6
13513,1038998.6
13514,1038998.6
13515,1038998.6
13516,1038998.6
13517,1038998.6
13518,1038998.6
13519,1038998.6
13520,1038998.6
13521,1038998.6
13522,1038998.6
13523,1038998.6
13524,1038998.6
13525,1038998.6
13526,1038998.6
13527,1038998.6
13528,1038998.6
13529,1038998.6
13530,1038998.6
13531,1038998.6
13532,1038998.6
13533,1038998.6
13534,1038998.6
13535,1038998.6
13536,1038998.6
13537,1038998.6
13538,1038998.6
13539,1038998.6
13540,1038998.6
13541,1038998.6
13542,1038998.6
13543,1038998.6
13544,1038998.6
13545,1038998.6
13546,1038998.6
13547,1038998.6
13548,1038998.6
13549,1038998.6
13550,1038998.6
13551,1038998.6
13552,1038998.6
13553,1038998.6
13554,1038998.6
13555,1038998.6
13556,1038998.6
13557,1038998.6
13558,1038998.6
13559,1038998.6
13560,1038998.6
13561,1038998.6
13562,1038998.6
13563,1038998.6
13564,1038998.6
13565,1038998.6
13566,1038998.6
13567,1038998.6
13568,1038998.6
13569,1038998.6
13570,1038998.6
13571,1038998.6
13572,1038998.6
13573,1038998.6
13574,1038998.6
13575,1038998.6
13576,1038998.6
13577,1038998.6
13578,1038998.6
13579,1038998.6
13580,1038998.6
13581,1038998.6
13582,1038998.6
13583,1038998.6
13584,1038998.6
13585,1038998.6
13586,1038998.6
13587,1038998.6
13588,1038998.6
13589,1038998.6
13590,1038998.6
13591,1038998.6
13592,1038998.6
13593,1038998.6
13594,1038998.6
13595,1038998.6
13596,1038998.6
13597,1038998.6
13598,1038998.6
13599,1038998.6
13600,1038998.6
13601,1038998.6
13602,1038998.6
13603,1038998.6
13604,1038998.6
13605,1038998.6
13606,1038998.6
13607,1038998.6
13608,1038998.6
13609,1038998.6
13610,1038998.6
13611,1038998.6
13612,1038998.6
13613,1038998.6
13614,1038998.6
13615,1038998.6
13616,1038998.6
13617,1038998.6
13618,1038998.6
13619,1038998.6
13620,1038998.6
13621,1038998.6
13622,1038998.6
13623,1038998.6
13624,1038998.6
13625,1038998.6
13626,1038998.6
13627,1038998.6
13628,1038998.6
13629,1038998.6
13630,1038998.6
13631,1038998.6
13632,1038998.6
13633,1038998.6
13634,1038998.6
13635,1038998.6
13636,1038998.6
13637,1038998.6
13638,1038998.6
13639,1038998.6
13640,1038998.6
13641,1038998.6
13642,1038998.6
13643,1038998.6
13644,1038998.6
13645,1038998.6
13646,1038998.6
13647,1038998.6
13648,1038998.6
13649,1038998.6
13650,1038998.6
13651,1038998.6
13652,1038998.6
13653,1038998.6
13654,1038998.6
13655,1038998.6
13656,1038998.6
13657,1038998.6
13658,1038998.6
13659,1038998.6
13660,1038998.6
13661,1038998.6
13662,1038998.6
13663,1038998.6
13664,1038998.6
13665,1038998.6
13666,1038998.6
13667,1038998.6
13668,1038998.6
13669,1038998.6
13670,1038998.6
13671,1038998.6
13672,1038998.6
13673,1038998.6
13674,1038998.6
13675,1038998.6
13676,1038998.6
13677,1038998.6
13678,1038998.6
13679,1038998.6
13680,1038998.6
13681,1038998.6
13682,1038998.6
13683,1038998.6
13684,1038998.6
13685,1038998.6
13686,1038998.6
13687,1038998.6
13688,1038998.6
13689,1038998.6
13690,1038998.6
13691,1038998.6
13692,1038998.6
13693,1038998.6
13694,1038998.6
13695,1038998.6
13696,1038998.6
13697,1038998.6
13698,1038998.6
13699,1038998.6
13700,1038998.6
13701,1038998.6
13702,1038998.6
13703,1038998.6
13704,1038998.6
13705,1038998.6
13706,1038998.6
13707,1038998.6
13708,1038998.6
13709,1038998.6
13710,1038998.6
13711,1038998.6
13712,1038998.6
13713,1038998.6
13714,1038998.6
13715,1038998.6
13716,1038998.6
13717,1038998.6
13718,1038998.6
13719,1038998.6
13720,1038998.6
13721,1038998.6
13722,1038998.6
13723,1038998.6
13724,1038998.6
13725,1038998.6
13726,1038998.6
13727,1038998.6
13728,1038998.6
13729,1038998.6
13730,1038998.6
13731,1038998.6
13732,1038998.6
13733,1038998.6
13734,1038998.6
13735,1038998.6
13736,1038998.6
13737,1038998.6
13738,1038998.6
13739,1038998.6
13740,1038998.6
13741,1038998.6
13742,1038998.6
13743,1038998.6
13744,1038998.6
13745,1038998.6
13746,1038998.6
13747,1038998.6
13748,1038998.6
13749,1038998.6
13750,1038998.6
13751,1038998.6
13752,1038998.6
13753,1038998.6
13754,1038998.6
13755,1038998.6
13756,1038998.6
13757,1038998.6
13758,1038998.6
13759,1038998.6
13760,1038998.6
13761,1038998.6
13762,1038998.6
13763,1038998.6
13764,1038998.6
13765,1038998.6
13766,1038998.6
13767,1038998.6
13768,1038998.6
13769,1038998.6
13770,1038998.6
13771,1038998.6
13772,1038998.6
13773,1038998.6
13774,1038998.6
13775,1038998.6
13776,1038998.6
13777,1038998.6
13778,1038998.6
13779,1038998.6
13780,1038998.6
13781,1038998.6
13782,1038998.6
13783,1038998.6
13784,1038998.6
13785,1038998.6
13786,1038998.6
13787,1038998.6
13788,1038998.6
13789,1038998.6
13790,1038998.6
13791,1038998.6
13792,1038998.6
13793,1038998.6
13794,1038998.6
13795,1038998.6
13796,1038998.6
13797,1038998.6
13798,1038998.6
13799,1038998.6
13800,1038998.6
13801,1038998.6
13802,1038998.6
13803,1038998.6
13804,1038998.6
13805,1038998.6
13806,1038998.6
13807,1038998.6
13808,1038998.6
13809,1038998.6
13810,1038998.6
13811,1038998.6
13812,1038998.6
13813,1038998.6
13814,1038998.6
13815,1038998.6
13816,1038998.6
13817,1038998.6
13818,1038998.6
13819,1038998.6
13820,1038998.6
13821,1038998.6
13822,1038998.6
13823,1038998.6
13824,1038998.6
13825,1038998.6
13826,1038998.6
13827,1038998.6
13828,1038998.6
13829,1038998.6
13830,1038998.6
13831,1038998.6
13832,1038998.6
13833,1038998.6
13834,1038998.6
13835,1038998.6
13836,1038998.6
13837,1038998.6
13838,1038998.6
13839,1038998.6
13840,1038998.6
13841,1038998.6
13842,1038998.6
13843,1038998.6
13844,1038998.6
13845,1038998.6
13846,1038998.6
13847,1038998.6
13848,1038998.6
13849,1038998.6
13850,1038998.6
13851,1038998.6
13852,1038998.6
13853,1038998.6
13854,1038998.6
13855,1038998.6
13856,1038998.6
13857,1038998.6
13858,1038998.6
13859,1038998.6
13860,1038998.6
13861,1038998.6
13862,1038998.6
13863,1038998.6
13864,1038998.6
13865,1038998.6
13866,1038998.6
13867,1038998.6
13868,1038998.6
13869,1038998.6
13870,1038998.6
13871,1038998.6
13872,1038998.6
13873,1038998.6
13874,1038998.6
13875,1038998.6
13876,1038998.6
13877,1038998.6
13878,1038998.6
13879,1038998.6
13880,1038998.6
13881,1038998.6
13882,1038998.6
13883,1038998.6
13884,1038998.6
13885,1038998.6
13886,1038998.6
13887,1038998.6
13888,1038998.6
13889,1038998.6
13890,1038998.6
13891,1038998.6
13892,1038998.6
13893,1038998.6
13894,1038998.6
13895,1038998.6
13896,1038998.6
13897,1038998.6
13898,1038998.6
13899,1038998.6
13900,1038998.6
13901,1038998.6
13902,1038998.6
13903,1038998.6
13904,1038998.6
13905,1038998.6
13906,1038998.6
13907,1038998.6
13908,1038998.6
13909,1038998.6
13910,1038998.6
13911,1038998.6
13912,1038998.6
13913,1038998.6
13914,1038998.6
13915,1038998.6
13916,1038998.6
13917,1038998.6
13918,1038998.6
13919,1038998.6
13920,1038998.6
13921,1038998.6
13922,1038998.6
13923,1038998.6
13924,1038998.6
13925,1038998.6
13926,1038998.6
13927,1038998.6
13928,1038998.6
13929,1038998.6
13930,1038998.6
13931,1038998.6
13932,1038998.6
13933,1038998.6
13934,1038998.6
13935,1038998.6
13936,1038998.6
13937,1038998.6
13938,1038998.6
13939,1038998.6
13940,1038998.6
13941,1038998.6
13942,1038998.6
13943,1038998.6
13944,1038998.6
13945,1038998.6
13946,1038998.6
13947,1038998.6
13948,1038998.6
13949,1038998.6
13950,1038998.6
13951,1038998.6
13952,1038998.6
13953,1038998.6
13954,1038998.6
13955,1038998.6
13956,1038998.6
13957,1038998.6
13958,1038998.6
13959,1038998.6
13960,1038998.6
13961,1038998.6
13962,1038998.6
13963,1038998.6
13964,1038998.6
13965,1038998.6
13966,1038998.6
13967,1038998.6
13968,1038998.6
13969,1038998.6
13970,1038998.6
13971,1038998.6
13972,1038998.6
13973,1038998.6
13974,1038998.6
13975,1038998.6
13976,1038998.6
13977,1038998.6
13978,1038998.6
13979,1038998.6
13980,1038998.6
13981,1038998.6
13982,1038998.6
13983,1038998.6
13984,1038998.6
13985,1038998.6
13986,1038998.6
13987,1038998.6
13988,1038998.6
13989,1038998.6
13990,1038998.6
13991,1038998.6
13992,1038998.6
13993,1038998.6
13994,1038998.6
13995,1038998.6
13996,1038998.6
13997,1038998.6
13998,1038998.6
13999,1038998.6
14000,1038998.6
14001,1038998.6
14002,1038998.6
14003,1038998.6
14004,1038998.6
14005,1038998.6
14006,1038998.6
14007,1038998.6
14008,1038998.6
14009,1038998.6
14010,1038998.6
14011,1038998.6
14012,1038998.6
14013,1038998.6
14014,1038998.6
14015,1038998.6
14016,1038998.6
14017,1038998.6
14018,1038998.6
14019,1038998.6
14020,1038998.6
14021,1038998.6
14022,1038998.6
14023,1038998.6
14024,1038998.6
14025,1038998.6
14026,1038998.6
14027,1038998.6
14028,1038998.6
14029,1038998.6
14030,1038998.6
14031,1038998.6
14032,1038998.6
14033,1038998.6
14034,1038998.6
14035,1038998.6
14036,1038998.6
14037,1038998.6
14038,1038998.6
14039,1038998.6
14040,1038998.6
14041,1038998.6
14042,1038998.6
14043,1038998.6
14044,1038998.6
14045,1038998.6
14046,1038998.6
14047,1038998.6
14048,1038998.6
14049,1038998.6
14050,1038998.6
14051,1038998.6
14052,1038998.6
14053,1038998.6
14054,1038998.6
14055,1038998.6
14056,1038998.6
14057,1038998.6
14058,1038998.6
14059,1038998.6
14060,1038998.6
14061,1038998.6
14062,1038998.6
14063,1038998.6
14064,1038998.6
14065,1038998.6
14066,1038998.6
14067,1038998.6
14068,1038998.6
14069,1038998.6
14070,1038998.6
14071,1038998.6
14072,1038998.6
14073,1038998.6
14074,1038998.6
14075,1038998.6
14076,1038998.6
14077,1038998.6
14078,1038998.6
14079,1038998.6
14080,1038998.6
14081,1038998.6
14082,1038998.6
14083,1038998.6
14084,1038998.6
14085,1038998.6
14086,1038998.6
14087,1038998.6
14088,1038998.6
14089,1038998.6
14090,1038998.6
14091,1038998.6
14092,1038998.6
14093,1038998.6
14094,1038998.6
14095,1038998.6
14096,1038998.6
14097,1038998.6
14098,1038998.6
14099,1038998.6
14100,1038998.6
14101,1038998.6
14102,1038998.6
14103,1038998.6
14104,1038998.6
14105,1038998.6
14106,1038998.6
14107,1038998.6
14108,1038998.6
14109,1038998.6
14110,1038998.6
14111,1038998.6
14112,1038998.6
14113,1038998.6
14114,1038998.6
14115,1038998.6
14116,1038998.6
14117,1038998.6
14118,1038998.6
14119,1038998.6
14120,1038998.6
14121,1038998.6
14122,1038998.6
14123,1038998.6
14124,1038998.6
14125,1038998.6
14126,1038998.6
14127,1038998.6
14128,1038998.6
14129,1038998.6
14130,1038998.6
14131,1038998.6
14132,1038998.6
14133,1038998.6
14134,1038998.6
14135,1038998.6
14136,1038998.6
14137,1038998.6
14138,1038998.6
14139,1038998.6
14140,1038998.6
14141,1038998.6
14142,1038998.6
14143,1038998.6
14144,1038998.6
14145,1038998.6
14146,1038998.6
14147,1038998.6
14148,1038998.6
14149,1038998.6
14150,1038998.6
14151,1038998.6
14152,1038998.6
14153,1038998.6
14154,1038998.6
14155,1038998.6
14156,1038998.6
14157,1038998.6
14158,1038998.6
14159,1038998.6
14160,1038998.6
14161,1038998.6
14162,1038998.6
14163,1038998.6
14164,1038998.6
14165,1038998.6
14166,1038998.6
14167,1038998.6
14168,1038998.6
14169,1038998.6
14170,1038998.6
14171,1038998.6
14172,1038998.6
14173,1038998.6
14174,1038998.6
14175,1038998.6
14176,1038998.6
14177,1038998.6
14178,1038998.6
14179,1038998.6
14180,1038998.6
14181,1038998.6
14182,1038998.6
14183,1038998.6
14184,1038998.6
14185,1038998.6
14186,1038998.6
14187,1038998.6
14188,1038998.6
14189,1038998.6
14190,1038998.6
14191,1038998.6
14192,1038998.6
14193,1038998.6
14194,1038998.6
14195,1038998.6
14196,1038998.6
14197,1038998.6
14198,1038998.6
14199,1038998.6
14200,1038998.6
14201,1038998.6
14202,1038998.6
14203,1038998.6
14204,1038998.6
14205,1038998.6
14206,1038998.6
14207,1038998.6
14208,1038998.6
14209,1038998.6
14210,1038998.6
14211,1038998.6
14212,1038998.6
14213,1038998.6
14214,1038998.6
14215,1038998.6
14216,1038998.6
14217,1038998.6
14218,1038998.6
14219,1038998.6
14220,1038998.6
14221,1038998.6
14222,1038998.6
14223,1038998.6
14224,1038998.6
14225,1038998.6
14226,1038998.6
14227,1038998.6
14228,1038998.6
14229,1038998.6
14230,1038998.6
14231,1038998.6
14232,1038998.6
14233,1038998.6
14234,1038998.6
14235,1038998.6
14236,1038998.6
14237,1038998.6
14238,1038998.6
14239,1038998.6
14240,1038998.6
14241,1038998.6
14242,1038998.6
14243,1038998.6
14244,1038998.6
14245,1038998.6
14246,1038998.6
14247,1038998.6
14248,1038998.6
14249,1038998.6
14250,1038998.6
14251,1038998.6
14252,1038998.6
14253,1038998.6
14254,1038998.6
14255,1038998.6
14256,1038998.6
14257,1038998.6
14258,1038998.6
14259,1038998.6
14260,1038998.6
14261,1038998.6
14262,1038998.6
14263,1038998.6
14264,1038998.6
14265,1038998.6
14266,1038998.6
14267,1038998.6
14268,1038998.6
14269,1038998.6
14270,1038998.6
14271,1038998.6
14272,1038998.6
14273,1038998.6
14274,1038998.6
14275,1038998.6
14276,1038998.6
14277,1038998.6
14278,1038998.6
14279,1038998.6
14280,1038998.6
14281,1038998.6
14282,1038998.6
14283,1038998.6
14284,1038998.6
14285,1038998.6
14286,1038998.6
14287,1038998.6
14288,1038998.6
14289,1038998.6
14290,1038998.6
14291,1038998.6
14292,1038998.6
14293,1038998.6
14294,1038998.6
14295,1038998.6
14296,1038998.6
14297,1038998.6
14298,1038998.6
14299,1038998.6
14300,1038998.6
14301,1038998.6
14302,1038998.6
14303,1038998.6
14304,1038998.6
14305,1038998.6
14306,1038998.6
14307,1038998.6
14308,1038998.6
14309,1038998.6
14310,1038998.6
14311,1038998.6
14312,1038998.6
14313,1038998.6
14314,1038998.6
14315,1038998.6
14316,1038998.6
14317,1038998.6
14318,1038998.6
14319,1038998.6
14320,1038998.6
14321,1038998.6
14322,1038998.6
14323,1038998.6
14324,1038998.6
14325,1038998.6
14326,1038998.6
14327,1038998.6
14328,1038998.6
14329,1038998.6
14330,1038998.6
14331,1038998.6
14332,1038998.6
14333,1038998.6
14334,1038998.6
14335,1038998.6
14336,1038998.6
14337,1038998.6
14338,1038998.6
14339,1038998.6
14340,1038998.6
14341,1038998.6
14342,1038998.6
14343,1038998.6
14344,1038998.6
14345,1038998.6
14346,1038998.6
14347,1038998.6
14348,1038998.6
14349,1038998.6
14350,1038998.6
14351,1038998.6
14352,1038998.6
14353,1038998.6
14354,1038998.6
14355,1038998.6
14356,1038998.6
14357,1038998.6
14358,1038998.6
14359,1038998.6
14360,1038998.6
14361,1038998.6
14362,1038998.6
14363,1038998.6
14364,1038998.6
14365,1038998.6
14366,1038998.6
14367,1038998.6
14368,1038998.6
14369,1038998.6
14370,1038998.6
14371,1038998.6
14372,1038998.6
14373,1038998.6
14374,1038998.6
14375,1038998.6
14376,1038998.6
14377,1038998.6
14378,1038998.6
14379,1038998.6
14380,1038998.6
14381,1038998.6
14382,1038998.6
14383,1038998.6
14384,1038998.6
14385,1038998.6
14386,1038998.6
14387,1038998.6
14388,1038998.6
14389,1038998.6
14390,1038998.6
14391,1038998.6
14392,1038998.6
14393,1038998.6
14394,1038998.6
14395,1038998.6
14396,1038998.6
14397,1038998.6
14398,1038998.6
14399,1038998.6
14400,1038998.6
14401,1038998.6
14402,1038998.6
14403,1038998.6
14404,1038998.6
14405,1038998.6
14406,1038998.6
14407,1038998.6
14408,1038998.6
14409,1038998.6
14410,1038998.6
14411,1038998.6
14412,1038998.6
14413,1038998.6
14414,1038998.6
14415,1038998.6
14416,1038998.6
14417,1038998.6
14418,1038998.6
14419,1038998.6
14420,1038998.6
14421,1038998.6
14422,1038998.6
14423,1038998.6
14424,1038998.6
14425,1038998.6
14426,1038998.6
14427,1038998.6
14428,1038998.6
14429,1038998.6
14430,1038998.6
14431,1038998.6
14432,1038998.6
14433,1038998.6
14434,1038998.6
14435,1038998.6
14436,1038998.6
14437,1038998.6
14438,1038998.6
14439,1038998.6
14440,1038998.6
14441,1038998.6
14442,1038998.6
14443,1038998.6
14444,1038998.6
14445,1038998.6
14446,1038998.6
14447,1038998.6
14448,1038998.6
14449,1038998.6
14450,1038998.6
14451,1038998.6
14452,1038998.6
14453,1038998.6
14454,1038998.6
14455,1038998.6
14456,1038998.6
14457,1038998.6
14458,1038998.6
14459,1038998.6
14460,1038998.6
14461,1038998.6
14462,1038998.6
14463,1038998.6
14464,1038998.6
14465,1038998.6
14466,1038998.6
14467,1038998.6
14468,1038998.6
14469,1038998.6
14470,1038998.6
14471,1038998.6
14472,1038998.6
14473,1038998.6
14474,1038998.6
14475,1038998.6
14476,1038998.6
14477,1038998.6
14478,1038998.6
14479,1038998.6
14480,1038998.6
14481,1038998.6
14482,1038998.6
14483,1038998.6
14484,1038998.6
14485,1038998.6
14486,1038998.6
14487,1038998.6
14488,1038998.6
14489,1038998.6
14490,1038998.6
14491,1038998.6
14492,1038998.6
14493,1038998.6
14494,1038998.6
14495,1038998.6
14496,1038998.6
14497,1038998.6
14498,1038998.6
14499,1038998.6
14500,1038998.6
14501,1038998.6
14502,1038998.6
14503,1038998.6
14504,1038998.6
14505,1038998.6
14506,1038998.6
14507,1038998.6
14508,1038998.6
14509,1038998.6
14510,1038998.6
14511,1038998.6
14512,1038998.6
14513,1038998.6
14514,1038998.6
14515,1038998.6
14516,1038998.6
14517,1038998.6
14518,1038998.6
14519,1038998.6
14520,1038998.6
14521,1038998.6
14522,1038998.6
14523,1038998.6
14524,1038998.6
14525,1038998.6
14526,1038998.6
14527,1038998.6
14528,1038998.6
14529,1038998.6
14530,1038998.6
14531,1038998.6
14532,1038998.6
14533,1038998.6
14534,1038998.6
14535,1038998.6
14536,1038998.6
14537,1038998.6
14538,1038998.6
14539,1038998.6
14540,1038998.6
14541,1038998.6
14542,1038998.6
14543,1038998.6
14544,1038998.6
14545,1038998.6
14546,1038998.6
14547,1038998.6
14548,1038998.6
14549,1038998.6
14550,1038998.6
14551,1038998.6
14552,1038998.6
14553,1038998.6
14554,1038998.6
14555,1038998.6
14556,1038998.6
14557,1038998.6
14558,1038998.6
14559,1038998.6
14560,1038998.6
14561,1038998.6
14562,1038998.6
14563,1038998.6
14564,1038998.6
14565,1038998.6
14566,1038998.6
14567,1038998.6
14568,1038998.6
14569,1038998.6
14570,1038998.6
14571,1038998.6
14572,1038998.6
14573,1038998.6
14574,1038998.6
14575,1038998.6
14576,1038998.6
14577,1038998.6
14578,1038998.6
14579,1038998.6
14580,1038998.6
14581,1038998.6
14582,1038998.6
14583,1038998.6
14584,1038998.6
14585,1038998.6
14586,1038998.6
14587,1038998.6
14588,1038998.6
14589,1038998.6
14590,1038998.6
14591,1038998.6
14592,1038998.6
14593,1038998.6
14594,1038998.6
14595,1038998.6
14596,1038998.6
14597,1038998.6
14598,1038998.6
14599,1038998.6
14600,1038998.6
14601,1038998.6
14602,1038998.6
14603,1038998.6
14604,1038998.6
14605,1038998.6
14606,1038998.6
14607,1038998.6
14608,1038998.6
14609,1038998.6
14610,1038998.6
14611,1038998.6
14612,1038998.6
14613,1038998.6
14614,1038998.6
14615,1038998.6
14616,1038998.6
14617,1038998.6
14618,1038998.6
14619,1038998.6
14620,1038998.6
14621,1038998.6
14622,1038998.6
14623,1038998.6
14624,1038998.6
14625,1038998.6
14626,1038998.6
14627,1038998.6
14628,1038998.6
14629,1038998.6
14630,1038998.6
14631,1038998.6
14632,1038998.6
14633,1038998.6
14634,1038998.6
14635,1038998.6
14636,1038998.6
14637,1038998.6
14638,1038998.6
14639,1038998.6
14640,1038998.6
14641,1038998.6
14642,1038998.6
14643,1038998.6
14644,1038998.6
14645,1038998.6
14646,1038998.6
14647,1038998.6
14648,1038998.6
14649,1038998.6
14650,1038998.6
14651,1038998.6
14652,1038998.6
14653,1038998.6
14654,1038998.6
14655,1038998.6
14656,1038998.6
14657,1038998.6
14658,1038998.6
14659,1038998.6
14660,1038998.6
14661,1038998.6
14662,1038998.6
14663,1038998.6
14664,1038998.6
14665,1038998.6
14666,1038998.6
14667,1038998.6
14668,1038998.6
14669,1038998.6
14670,1038998.6
14671,1038998.6
14672,1038998.6
14673,1038998.6
14674,1038998.6
14675,1038998.6
14676,1038998.6
14677,1038998.6
14678,1038998.6
14679,1038998.6
14680,1038998.6
14681,1038998.6
14682,1038998.6
14683,1038998.6
14684,1038998.6
14685,1038998.6
14686,1038998.6
14687,1038998.6
14688,1038998.6
14689,1038998.6
14690,1038998.6
14691,1038998.6
14692,1038998.6
14693,1038998.6
14694,1038998.6
14695,1038998.6
14696,1038998.6
14697,1038998.6
14698,1038998.6
14699,1038998.6
14700,1038998.6
14701,1038998.6
14702,1038998.6
14703,1038998.6
14704,1038998.6
14705,1038998.6
14706,1038998.6
14707,1038998.6
14708,1038998.6
14709,1038998.6
14710,1038998.6
14711,1038998.6
14712,1038998.6
14713,1038998.6
14714,1038998.6
14715,1038998.6
14716,1038998.6
14717,1038998.6
14718,1038998.6
14719,1038998.6
14720,1038998.6
14721,1038998.6
14722,1038998.6
14723,1038998.6
14724,1038998.6
14725,1038998.6
14726,1038998.6
14727,1038998.6
14728,1038998.6
14729,1038998.6
14730,1038998.6
14731,1038998.6
14732,1038998.6
14733,1038998.6
14734,1038998.6
14735,1038998.6
14736,1038998.6
14737,1038998.6
14738,1038998.6
14739,1038998.6
14740,1038998.6
14741,1038998.6
14742,1038998.6
14743,1038998.6
14744,1038998.6
14745,1038998.6
14746,1038998.6
14747,1038998.6
14748,1038998.6
14749,1038998.6
14750,1038998.6
14751,1038998.6
14752,1038998.6
14753,1038998.6
14754,1038998.6
14755,1038998.6
14756,1038998.6
14757,1038998.6
14758,1038998.6
14759,1038998.6
14760,1038998.6
14761,1038998.6
14762,1038998.6
14763,1038998.6
14764,1038998.6
14765,1038998.6
14766,1038998.6
14767,1038998.6
14768,1038998.6
14769,1038998.6
14770,1038998.6
14771,1038998.6
14772,1038998.6
14773,1038998.6
14774,1038998.6
14775,1038998.6
14776,1038998.6
14777,1038998.6
14778,1038998.6
14779,1038998.6
14780,1038998.6
14781,1038998.6
14782,1038998.6
14783,1038998.6
14784,1038998.6
14785,1038998.6
14786,1038998.6
14787,1038998.6
14788,1038998.6
14789,1038998.6
14790,1038998.6
14791,1038998.6
14792,1038998.6
14793,1038998.6
14794,1038998.6
14795,1038998.6
14796,1038998.6
14797,1038998.6
14798,1038998.6
14799,1038998.6
14800,1038998.6
14801,1038998.6
14802,1038998.6
14803,1038998.6
14804,1038998.6
14805,1038998.6
14806,1038998.6
14807,1038998.6
14808,1038998.6
14809,1038998.6
14810,1038998.6
14811,1038998.6
14812,1038998.6
14813,1038998.6
14814,1038998.6
14815,1038998.6
14816,1038998.6
14817,1038998.6
14818,1038998.6
14819,1038998.6
14820,1038998.6
14821,1038998.6
14822,1038998.6
14823,1038998.6
14824,1038998.6
14825,1038998.6
14826,1038998.6
14827,1038998.6
14828,1038998.6
14829,1038998.6
14830,1038998.6
14831,1038998.6
14832,1038998.6
14833,1038998.6
14834,1038998.6
14835,1038998.6
14836,1038998.6
14837,1038998.6
14838,1038998.6
14839,1038998.6
14840,1038998.6
14841,1038998.6
14842,1038998.6
14843,1038998.6
14844,1038998.6
14845,1038998.6
14846,1038998.6
14847,1038998.6
14848,1038998.6
14849,1038998.6
14850,1038998.6
14851,1038998.6
14852,1038998.6
14853,1038998.6
14854,1038998.6
14855,1038998.6
14856,1038998.6
14857,1038998.6
14858,1038998.6
14859,1038998.6
14860,1038998.6
14861,1038998.6
14862,1038998.6
14863,1038998.6
14864,1038998.6
14865,1038998.6
14866,1038998.6
14867,1038998.6
14868,1038998.6
14869,1038998.6
14870,1038998.6
14871,1038998.6
14872,1038998.6
14873,1038998.6
14874,1038998.6
14875,1038998.6
14876,1038998.6
14877,1038998.6
14878,1038998.6
14879,1038998.6
14880,1038998.6
14881,1038998.6
14882,1038998.6
14883,1038998.6
14884,1038998.6
14885,1038998.6
14886,1038998.6
14887,1038998.6
14888,1038998.6
14889,1038998.6
14890,1038998.6
14891,1038998.6
14892,1038998.6
14893,1038998.6
14894,1038998.6
14895,1038998.6
14896,1038998.6
14897,1038998.6
14898,1038998.6
14899,1038998.6
14900,1038998.6
14901,1038998.6
14902,1038998.6
14903,1038998.6
14904,1038998.6
14905,1038998.6
14906,1038998.6
14907,1038998.6
14908,1038998.6
14909,1038998.6
14910,1038998.6
14911,1038998.6
14912,1038998.6
14913,1038998.6
14914,1038998.6
14915,1038998.6
14916,1038998.6
14917,1038998.6
14918,1038998.6
14919,1038998.6
14920,1038998.6
14921,1038998.6
14922,1038998.6
14923,1038998.6
14924,1038998.6
14925,1038998.6
14926,1038998.6
14927,1038998.6
14928,1038998.6
14929,1038998.6
14930,1038998.6
14931,1038998.6
14932,1038998.6
14933,1038998.6
14934,1038998.6
14935,1038998.6
14936,1038998.6
14937,1038998.6
14938,1038998.6
14939,1038998.6
14940,1038998.6
14941,1038998.6
14942,1038998.6
14943,1038998.6
14944,1038998.6
14945,1038998.6
14946,1038998.6
14947,1038998.6
14948,1038998.6
14949,1038998.6
14950,1038998.6
14951,1038998.6
14952,1038998.6
14953,1038998.6
14954,1038998.6
14955,1038998.6
14956,1038998.6
14957,1038998.6
14958,1038998.6
14959,1038998.6
14960,1038998.6
14961,1038998.6
14962,1038998.6
14963,1038998.6
14964,1038998.6
14965,1038998.6
14966,1038998.6
14967,1038998.6
14968,1038998.6
14969,1038998.6
14970,1038998.6
14971,1038998.6
14972,1038998.6
14973,1038998.6
14974,1038998.6
14975,1038998.6
14976,1038998.6
14977,1038998.6
14978,1038998.6
14979,1038998.6
14980,1038998.6
14981,1038998.6
14982,1038998.6
14983,1038998.6
14984,1038998.6
14985,1038998.6
14986,1038998.6
14987,1038998.6
14988,1038998.6
14989,1038998.6
14990,1038998.6
14991,1038998.6
14992,1038998.6
14993,1038998.6
14994,1038998.6
14995,1038998.6
14996,1038998.6
14997,1038998.6
14998,1038998.6
14999,1038998.6
15000,1038998.6
15001,1038998.6
15002,1038998.6
15003,1038998.6
15004,1038998.6
15005,1038998.6
15006,1038998.6
15007,1038998.6
15008,1038998.6
15009,1038998.6
15010,1038998.6
15011,1038998.6
15012,1038998.6
15013,1038998.6
15014,1038998.6
15015,1038998.6
15016,1038998.6
15017,1038998.6
15018,1038998.6
15019,1038998.6
15020,1038998.6
15021,1038998.6
15022,1038998.6
15023,1038998.6
15024,1038998.6
15025,1038998.6
15026,1038998.6
15027,1038998.6
15028,1038998.6
15029,1038998.6
15030,1038998.6
15031,1038998.6
15032,1038998.6
15033,1038998.6
15034,1038998.6
15035,1038998.6
15036,1038998.6
15037,1038998.6
15038,1038998.6
15039,1038998.6
15040,1038998.6
15041,1038998.6
15042,1038998.6
15043,1038998.6
15044,1038998.6
15045,1038998.6
15046,1038998.6
15047,1038998.6
15048,1038998.6
15049,1038998.6
15050,1038998.6
15051,1038998.6
15052,1038998.6
15053,1038998.6
15054,1038998.6
15055,1038998.6
15056,1038998.6
15057,1038998.6
15058,1038998.6
15059,1038998.6
15060,1038998.6
15061,1038998.6
15062,1038998.6
15063,1038998.6
15064,1038998.6
15065,1038998.6
15066,1038998.6
15067,1038998.6
15068,1038998.6
15069,1038998.6
15070,1038998.6
15071,1038998.6
15072,1038998.6
15073,1038998.6
15074,1038998.6
15075,1038998.6
15076,1038998.6
15077,1038998.6
15078,1038998.6
15079,1038998.6
15080,1038998.6
15081,1038998.6
15082,1038998.6
15083,1038998.6
15084,1038998.6
15085,1038998.6
15086,1038998.6
15087,1038998.6
15088,1038998.6
15089,1038998.6
15090,1038998.6
15091,1038998.6
15092,1038998.6
15093,1038998.6
15094,1038998.6
15095,1038998.6
15096,1038998.6
15097,1038998.6
15098,1038998.6
15099,1038998.6
15100,1038998.6
15101,1038998.6
15102,1038998.6
15103,1038998.6
15104,1038998.6
15105,1038998.6
15106,1038998.6
15107,1038998.6
15108,1038998.6
15109,1038998.6
15110,1038998.6
15111,1038998.6
15112,1038998.6
15113,1038998.6
15114,1038998.6
15115,1038998.6
15116,1038998.6
15117,1038998.6
15118,1038998.6
15119,1038998.6
15120,1038998.6
15121,1038998.6
15122,1038998.6
15123,1038998.6
15124,1038998.6
15125,1038998.6
15126,1038998.6
15127,1038998.6
15128,1038998.6
15129,1038998.6
15130,1038998.6
15131,1038998.6
15132,1038998.6
15133,1038998.6
15134,1038998.6
15135,1038998.6
15136,1038998.6
15137,1038998.6
15138,1038998.6
15139,1038998.6
15140,1038998.6
15141,1038998.6
15142,1038998.6
15143,1038998.6
15144,1038998.6
15145,1038998.6
15146,1038998.6
15147,1038998.6
15148,1038998.6
15149,1038998.6
15150,1038998.6
15151,1038998.6
15152,1038998.6
15153,1038998.6
15154,1038998.6
15155,1038998.6
15156,1038998.6
15157,1038998.6
15158,1038998.6
15159,1038998.6
15160,1038998.6
15161,1038998.6
15162,1038998.6
15163,1038998.6
15164,1038998.6
15165,1038998.6
15166,1038998.6
15167,1038998.6
15168,1038998.6
15169,1038998.6
15170,1038998.6
15171,1038998.6
15172,1038998.6
15173,1038998.6
15174,1038998.6
15175,1038998.6
15176,1038998.6
15177,1038998.6
15178,1038998.6
15179,1038998.6
15180,1038998.6
15181,1038998.6
15182,1038998.6
15183,1038998.6
15184,1038998.6
15185,1038998.6
15186,1038998.6
15187,1038998.6
15188,1038998.6
15189,1038998.6
15190,1038998.6
15191,1038998.6
15192,1038998.6
15193,1038998.6
15194,1038998.6
15195,1038998.6
15196,1038998.6
15197,1038998.6
15198,1038998.6
15199,1038998.6
15200,1038998.6
15201,1038998.6
15202,1038998.6
15203,1038998.6
15204,1038998.6
15205,1038998.6
15206,1038998.6
15207,1038998.6
15208,1038998.6
15209,1038998.6
15210,1038998.6
15211,1038998.6
15212,1038998.6
15213,1038998.6
15214,1038998.6
15215,1038998.6
15216,1038998.6
15217,1038998.6
15218,1038998.6
15219,1038998.6
15220,1038998.6
15221,1038998.6
15222,1038998.6
15223,1038998.6
15224,1038998.6
15225,1038998.6
15226,1038998.6
15227,1038998.6
15228,1038998.6
15229,1038998.6
15230,1038998.6
15231,1038998.6
15232,1038998.6
15233,1038998.6
15234,1038998.6
15235,1038998.6
15236,1038998.6
15237,1038998.6
15238,1038998.6
15239,1038998.6
15240,1038998.6
15241,1038998.6
15242,1038998.6
15243,1038998.6
15244,1038998.6
15245,1038998.6
15246,1038998.6
15247,1038998.6
15248,1038998.6
15249,1038998.6
15250,1038998.6
15251,1038998.6
15252,1038998.6
15253,1038998.6
15254,1038998.6
15255,1038998.6
15256,1038998.6
15257,1038998.6
15258,1038998.6
15259,1038998.6
15260,1038998.6
15261,1038998.6
15262,1038998.6
15263,1038998.6
15264,1038998.6
15265,1038998.6
15266,1038998.6
15267,1038998.6
15268,1038998.6
15269,1038998.6
15270,1038998.6
15271,1038998.6
15272,1038998.6
15273,1038998.6
15274,1038998.6
15275,1038998.6
15276,1038998.6
15277,1038998.6
15278,1038998.6
15279,1038998.6
15280,1038998.6
15281,1038998.6
15282,1038998.6
15283,1038998.6
15284,1038998.6
15285,1038998.6
15286,1038998.6
15287,1038998.6
15288,1038998.6
15289,1038998.6
15290,1038998.6
15291,1038998.6
15292,1038998.6
15293,1038998.6
15294,1038998.6
15295,1038998.6
15296,1038998.6
15297,1038998.6
15298,1038998.6
15299,1038998.6
15300,1038998.6
15301,1038998.6
15302,1038998.6
15303,1038998.6
15304,1038998.6
15305,1038998.6
15306,1038998.6
15307,1038998.6
15308,1038998.6
15309,1038998.6
15310,1038998.6
15311,1038998.6
15312,1038998.6
15313,1038998.6
15314,1038998.6
15315,1038998.6
15316,1038998.6
15317,1038998.6
15318,1038998.6
15319,1038998.6
15320,1038998.6
15321,1038998.6
15322,1038998.6
15323,1038998.6
15324,1038998.6
15325,1038998.6
15326,1038998.6
15327,1038998.6
15328,1038998.6
15329,1038998.6
15330,1038998.6
15331,1038998.6
15332,1038998.6
15333,1038998.6
15334,1038998.6
15335,1038998.6
15336,1038998.6
15337,1038998.6
15338,1038998.6
15339,1038998.6
15340,1038998.6
15341,1038998.6
15342,1038998.6
15343,1038998.6
15344,1038998.6
15345,1038998.6
15346,1038998.6
15347,1038998.6
15348,1038998.6
15349,1038998.6
15350,1038998.6
15351,1038998.6
15352,1038998.6
15353,1038998.6
15354,1038998.6
15355,1038998.6
15356,1038998.6
15357,1038998.6
15358,1038998.6
15359,1038998.6
15360,1038998.6
15361,1038998.6
15362,1038998.6
15363,1038998.6
15364,1038998.6
15365,1038998.6
15366,1038998.6
15367,1038998.6
15368,1038998.6
15369,1038998.6
15370,1038998.6
15371,1038998.6
15372,1038998.6
15373,1038998.6
15374,1038998.6
15375,1038998.6
15376,1038998.6
15377,1038998.6
15378,1038998.6
15379,1038998.6
15380,1038998.6
15381,1038998.6
15382,1038998.6
15383,1038998.6
15384,1038998.6
15385,1038998.6
15386,1038998.6
15387,1038998.6
15388,1038998.6
15389,1038998.6
15390,1038998.6
15391,1038998.6
15392,1038998.6
15393,1038998.6
15394,1038998.6
15395,1038998.6
15396,1038998.6
15397,1038998.6
15398,1038998.6
15399,1038998.6
15400,1038998.6
15401,1038998.6
15402,1038998.6
15403,1038998.6
15404,1038998.6
15405,1038998.6
15406,1038998.6
15407,1038998.6
15408,1038998.6
15409,1038998.6
15410,1038998.6
15411,1038998.6
15412,1038998.6
15413,1038998.6
15414,1038998.6
15415,1038998.6
15416,1038998.6
15417,1038998.6
15418,1038998.6
15419,1038998.6
15420,1038998.6
15421,1038998.6
15422,1038998.6
15423,1038998.6
15424,1038998.6
15425,1038998.6
15426,1038998.6
15427,1038998.6
15428,1038998.6
15429,1038998.6
15430,1038998.6
15431,1038998.6
15432,1038998.6
15433,1038998.6
15434,1038998.6
15435,1038998.6
15436,1038998.6
15437,1038998.6
15438,1038998.6
15439,1038998.6
15440,1038998.6
15441,1038998.6
15442,1038998.6
15443,1038998.6
15444,1038998.6
15445,1038998.6
15446,1038998.6
15447,1038998.6
15448,1038998.6
15449,1038998.6
15450,1038998.6
15451,1038998.6
15452,1038998.6
15453,1038998.6
15454,1038998.6
15455,1038998.6
15456,1038998.6
15457,1038998.6
15458,1038998.6
15459,1038998.6
15460,1038998.6
15461,1038998.6
15462,1038998.6
15463,1038998.6
15464,1038998.6
15465,1038998.6
15466,1038998.6
15467,1038998.6
15468,1038998.6
15469,1038998.6
15470,1038998.6
15471,1038998.6
15472,1038998.6
15473,1038998.6
15474,1038998.6
15475,1038998.6
15476,1038998.6
15477,1038998.6
15478,1038998.6
15479,1038998.6
15480,1038998.6
15481,1038998.6
15482,1038998.6
15483,1038998.6
15484,1038998.6
15485,1038998.6
15486,1038998.6
15487,1038998.6
15488,1038998.6
15489,1038998.6
15490,1038998.6
15491,1038998.6
15492,1038998.6
15493,1038998.6
15494,1038998.6
15495,1038998.6
15496,1038998.6
15497,1038998.6
15498,1038998.6
15499,1038998.6
15500,1038998.6
15501,1038998.6
15502,1038998.6
15503,1038998.6
15504,1038998.6
15505,1038998.6
15506,1038998.6
15507,1038998.6
15508,1038998.6
15509,1038998.6
15510,1038998.6
15511,1038998.6
15512,1038998.6
15513,1038998.6
15514,1038998.6
15515,1038998.6
15516,1038998.6
15517,1038998.6
15518,1038998.6
15519,1038998.6
15520,1038998.6
15521,1038998.6
15522,1038998.6
15523,1038998.6
15524,1038998.6
15525,1038998.6
15526,1038998.6
15527,1038998.6
15528,1038998.6
15529,1038998.6
15530,1038998.6
15531,1038998.6
15532,1038998.6
15533,1038998.6
15534,1038998.6
15535,1038998.6
15536,1038998.6
15537,1038998.6
15538,1038998.6
15539,1038998.6
15540,1038998.6
15541,1038998.6
15542,1038998.6
15543,1038998.6
15544,1038998.6
15545,1038998.6
15546,1038998.6
15547,1038998.6
15548,1038998.6
15549,1038998.6
15550,1038998.6
15551,1038998.6
15552,1038998.6
15553,1038998.6
15554,1038998.6
15555,1038998.6
15556,1038998.6
15557,1038998.6
15558,1038998.6
15559,1038998.6
15560,1038998.6
15561,1038998.6
15562,1038998.6
15563,1038998.6
15564,1038998.6
15565,1038998.6
15566,1038998.6
15567,1038998.6
15568,1038998.6
15569,1038998.6
15570,1038998.6
15571,1038998.6
15572,1038998.6
15573,1038998.6
15574,1038998.6
15575,1038998.6
15576,1038998.6
15577,1038998.6
15578,1038998.6
15579,1038998.6
15580,1038998.6
15581,1038998.6
15582,1038998.6
15583,1038998.6
15584,1038998.6
15585,1038998.6
15586,1038998.6
15587,1038998.6
15588,1038998.6
15589,1038998.6
15590,1038998.6
15591,1038998.6
15592,1038998.6
15593,1038998.6
15594,1038998.6
15595,1038998.6
15596,1038998.6
15597,1038998.6
15598,1038998.6
15599,1038998.6
15600,1038998.6
15601,1038998.6
15602,1038998.6
15603,1038998.6
15604,1038998.6
15605,1038998.6
15606,1038998.6
15607,1038998.6
15608,1038998.6
15609,1038998.6
15610,1038998.6
15611,1038998.6
15612,1038998.6
15613,1038998.6
15614,1038998.6
15615,1038998.6
15616,1038998.6
15617,1038998.6
15618,1038998.6
15619,1038998.6
15620,1038998.6
15621,1038998.6
15622,1038998.6
15623,1038998.6
15624,1038998.6
15625,1038998.6
15626,1038998.6
15627,1038998.6
15628,1038998.6
15629,1038998.6
15630,1038998.6
15631,1038998.6
15632,1038998.6
15633,1038998.6
15634,1038998.6
15635,1038998.6
15636,1038998.6
15637,1038998.6
15638,1038998.6
15639,1038998.6
15640,1038998.6
15641,1038998.6
15642,1038998.6
15643,1038998.6
15644,1038998.6
15645,1038998.6
15646,1038998.6
15647,1038998.6
15648,1038998.6
15649,1038998.6
15650,1038998.6
15651,1038998.6
15652,1038998.6
15653,1038998.6
15654,1038998.6
15655,1038998.6
15656,1038998.6
15657,1038998.6
15658,1038998.6
15659,1038998.6
15660,1038998.6
15661,1038998.6
15662,1038998.6
15663,1038998.6
15664,1038998.6
15665,1038998.6
15666,1038998.6
15667,1038998.6
15668,1038998.6
15669,1038998.6
15670,1038998.6
15671,1038998.6
15672,1038998.6
15673,1038998.6
15674,1038998.6
15675,1038998.6
15676,1038998.6
15677,1038998.6
15678,1038998.6
15679,1038998.6
15680,1038998.6
15681,1038998.6
15682,1038998.6
15683,1038998.6
15684,1038998.6
15685,1038998.6
15686,1038998.6
15687,1038998.6
15688,1038998.6
15689,1038998.6
15690,1038998.6
15691,1038998.6
15692,1038998.6
15693,1038998.6
15694,1038998.6
15695,1038998.6
15696,1038998.6
15697,1038998.6
15698,1038998.6
15699,1038998.6
15700,1038998.6
15701,1038998.6
15702,1038998.6
15703,1038998.6
15704,1038998.6
15705,1038998.6
15706,1038998.6
15707,1038998.6
15708,1038998.6
15709,1038998.6
15710,1038998.6
15711,1038998.6
15712,1038998.6
15713,1038998.6
15714,1038998.6
15715,1038998.6
15716,1038998.6
15717,1038998.6
15718,1038998.6
15719,1038998.6
15720,1038998.6
15721,1038998.6
15722,1038998.6
15723,1038998.6
15724,1038998.6
15725,1038998.6
15726,1038998.6
15727,1038998.6
15728,1038998.6
15729,1038998.6
15730,1038998.6
15731,1038998.6
15732,1038998.6
15733,1038998.6
15734,1038998.6
15735,1038998.6
15736,1038998.6
15737,1038998.6
15738,1038998.6
15739,1038998.6
15740,1038998.6
15741,1038998.6
15742,1038998.6
15743,1038998.6
15744,1038998.6
15745,1038998.6
15746,1038998.6
15747,1038998.6
15748,1038998.6
15749,1038998.6
15750,1038998.6
15751,1038998.6
15752,1038998.6
15753,1038998.6
15754,1038998.6
15755,1038998.6
15756,1038998.6
15757,1038998.6
15758,1038998.6
15759,1038998.6
15760,1038998.6
15761,1038998.6
15762,1038998.6
15763,1038998.6
15764,1038998.6
15765,1038998.6
15766,1038998.6
15767,1038998.6
15768,1038998.6
15769,1038998.6
15770,1038998.6
15771,1038998.6
15772,1038998.6
15773,1038998.6
15774,1038998.6
15775,1038998.6
15776,1038998.6
15777,1038998.6
15778,1038998.6
15779,1038998.6
15780,1038998.6
15781,1038998.6
15782,1038998.6
15783,1038998.6
15784,1038998.6
15785,1038998.6
15786,1038998.6
15787,1038998.6
15788,1038998.6
15789,1038998.6
15790,1038998.6
15791,1038998.6
15792,1038998.6
15793,1038998.6
15794,1038998.6
15795,1038998.6
15796,1038998.6
15797,1038998.6
15798,1038998.6
15799,1038998.6
15800,1038998.6
15801,1038998.6
15802,1038998.6
15803,1038998.6
15804,1038998.6
15805,1038998.6
15806,1038998.6
15807,1038998.6
15808,1038998.6
15809,1038998.6
15810,1038998.6
15811,1038998.6
15812,1038998.6
15813,1038998.6
15814,1038998.6
15815,1038998.6
15816,1038998.6
15817,1038998.6
15818,1038998.6
15819,1038998.6
15820,1038998.6
15821,1038998.6
15822,1038998.6
15823,1038998.6
15824,1038998.6
15825,1038998.6
15826,1038998.6
15827,1038998.6
15828,1038998.6
15829,1038998.6
15830,1038998.6
15831,1038998.6
15832,1038998.6
15833,1038998.6
15834,1038998.6
15835,1038998.6
15836,1038998.6
15837,1038998.6
15838,1038998.6
15839,1038998.6
15840,1038998.6
15841,1038998.6
15842,1038998.6
15843,1038998.6
15844,1038998.6
15845,1038998.6
15846,1038998.6
15847,1038998.6
15848,1038998.6
15849,1038998.6
15850,1038998.6
15851,1038998.6
15852,1038998.6
15853,1038998.6
15854,1038998.6
15855,1038998.6
15856,1038998.6
15857,1038998.6
15858,1038998.6
15859,1038998.6
15860,1038998.6
15861,1038998.6
15862,1038998.6
15863,1038998.6
15864,1038998.6
15865,1038998.6
15866,1038998.6
15867,1038998.6
15868,1038998.6
15869,1038998.6
15870,1038998.6
15871,1038998.6
15872,1038998.6
15873,1038998.6
15874,1038998.6
15875,1038998.6
15876,1038998.6
15877,1038998.6
15878,1038998.6
15879,1038998.6
15880,1038998.6
15881,1038998.6
15882,1038998.6
15883,1038998.6
15884,1038998.6
15885,1038998.6
15886,1038998.6
15887,1038998.6
15888,1038998.6
15889,1038998.6
15890,1038998.6
15891,1038998.6
15892,1038998.6
15893,1038998.6
15894,1038998.6
15895,1038998.6
15896,1038998.6
15897,1038998.6
15898,1038998.6
15899,1038998.6
15900,1038998.6
15901,1038998.6
15902,1038998.6
15903,1038998.6
15904,1038998.6
15905,1038998.6
15906,1038998.6
15907,1038998.6
15908,1038998.6
15909,1038998.6
15910,1038998.6
15911,1038998.6
15912,1038998.6
15913,1038998.6
15914,1038998.6
15915,1038998.6
15916,1038998.6
15917,1038998.6
15918,1038998.6
15919,1038998.6
15920,1038998.6
15921,1038998.6
15922,1038998.6
15923,1038998.6
15924,1038998.6
15925,1038998.6
15926,1038998.6
15927,1038998.6
15928,1038998.6
15929,1038998.6
15930,1038998.6
15931,1038998.6
15932,1038998.6
15933,1038998.6
15934,1038998.6
15935,1038998.6
15936,1038998.6
15937,1038998.6
15938,1038998.6
15939,1038998.6
15940,1038998.6
15941,1038998.6
15942,1038998.6
15943,1038998.6
15944,1038998.6
15945,1038998.6
15946,1038998.6
15947,1038998.6
15948,1038998.6
15949,1038998.6
15950,1038998.6
15951,1038998.6
15952,1038998.6
15953,1038998.6
15954,1038998.6
15955,1038998.6
15956,1038998.6
15957,1038998.6
15958,1038998.6
15959,1038998.6
15960,1038998.6
15961,1038998.6
15962,1038998.6
15963,1038998.6
15964,1038998.6
15965,1038998.6
15966,1038998.6
15967,1038998.6
15968,1038998.6
15969,1038998.6
15970,1038998.6
15971,1038998.6
15972,1038998.6
15973,1038998.6
15974,1038998.6
15975,1038998.6
15976,1038998.6
15977,1038998.6
15978,1038998.6
15979,1038998.6
15980,1038998.6
15981,1038998.6
15982,1038998.6
15983,1038998.6
15984,1038998.6
15985,1038998.6
15986,1038998.6
15987,1038998.6
15988,1038998.6
15989,1038998.6
15990,1038998.6
15991,1038998.6
15992,1038998.6
15993,1038998.6
15994,1038998.6
15995,1038998.6
15996,1038998.6
15997,1038998.6
15998,1038998.6
15999,1038998.6
16000,1038998.6
16001,1038998.6
16002,1038998.6
16003,1038998.6
16004,1038998.6
16005,1038998.6
16006,1038998.6
16007,1038998.6
16008,1038998.6
16009,1038998.6
16010,1038998.6
16011,1038998.6
16012,1038998.6
16013,1038998.6
16014,1038998.6
16015,1038998.6
16016,1038998.6
16017,1038998.6
16018,1038998.6
16019,1038998.6
16020,1038998.6
16021,1038998.6
16022,1038998.6
16023,1038998.6
16024,1038998.6
16025,1038998.6
16026,1038998.6
16027,1038998.6
16028,1038998.6
16029,1038998.6
16030,1038998.6
16031,1038998.6
16032,1038998.6
16033,1038998.6
16034,1038998.6
16035,1038998.6
16036,1038998.6
16037,1038998.6
16038,1038998.6
16039,1038998.6
16040,1038998.6
16041,1038998.6
16042,1038998.6
16043,1038998.6
16044,1038998.6
16045,1038998.6
16046,1038998.6
16047,1038998.6
16048,1038998.6
16049,1038998.6
16050,1038998.6
16051,1038998.6
16052,1038998.6
16053,1038998.6
16054,1038998.6
16055,1038998.6
16056,1038998.6
16057,1038998.6
16058,1038998.6
16059,1038998.6
16060,1038998.6
16061,1038998.6
16062,1038998.6
16063,1038998.6
16064,1038998.6
16065,1038998.6
16066,1038998.6
16067,1038998.6
16068,1038998.6
16069,1038998.6
16070,1038998.6
16071,1038998.6
16072,1038998.6
16073,1038998.6
16074,1038998.6
16075,1038998.6
16076,1038998.6
16077,1038998.6
16078,1038998.6
16079,1038998.6
16080,1038998.6
16081,1038998.6
16082,1038998.6
16083,1038998.6
16084,1038998.6
16085,1038998.6
16086,1038998.6
16087,1038998.6
16088,1038998.6
16089,1038998.6
16090,1038998.6
16091,1038998.6
16092,1038998.6
16093,1038998.6
16094,1038998.6
16095,1038998.6
16096,1038998.6
16097,1038998.6
16098,1038998.6
16099,1038998.6
16100,1038998.6
16101,1038998.6
16102,1038998.6
16103,1038998.6
16104,1038998.6
16105,1038998.6
16106,1038998.6
16107,1038998.6
16108,1038998.6
16109,1038998.6
16110,1038998.6
16111,1038998.6
16112,1038998.6
16113,1038998.6
16114,1038998.6
16115,1038998.6
16116,1038998.6
16117,1038998.6
16118,1038998.6
16119,1038998.6
16120,1038998.6
16121,1038998.6
16122,1038998.6
16123,1038998.6
16124,1038998.6
16125,1038998.6
16126,1038998.6
16127,1038998.6
16128,1038998.6
16129,1038998.6
16130,1038998.6
16131,1038998.6
16132,1038998.6
16133,1038998.6
16134,1038998.6
16135,1038998.6
16136,1038998.6
16137,1038998.6
16138,1038998.6
16139,1038998.6
16140,1038998.6
16141,1038998.6
16142,1038998.6
16143,1038998.6
16144,1038998.6
16145,1038998.6
16146,1038998.6
16147,1038998.6
16148,1038998.6
16149,1038998.6
16150,1038998.6
16151,1038998.6
16152,1038998.6
16153,1038998.6
16154,1038998.6
16155,1038998.6
16156,1038998.6
16157,1038998.6
16158,1038998.6
16159,1038998.6
16160,1038998.6
16161,1038998.6
16162,1038998.6
16163,1038998.6
16164,1038998.6
16165,1038998.6
16166,1038998.6
16167,1038998.6
16168,1038998.6
16169,1038998.6
16170,1038998.6
16171,1038998.6
16172,1038998.6
16173,1038998.6
16174,1038998.6
16175,1038998.6
16176,1038998.6
16177,1038998.6
16178,1038998.6
16179,1038998.6
16180,1038998.6
16181,1038998.6
16182,1038998.6
16183,1038998.6
16184,1038998.6
16185,1038998.6
16186,1038998.6
16187,1038998.6
16188,1038998.6
16189,1038998.6
16190,1038998.6
16191,1038998.6
16192,1038998.6
16193,1038998.6
16194,1038998.6
16195,1038998.6
16196,1038998.6
16197,1038998.6
16198,1038998.6
16199,1038998.6
16200,1038998.6
16201,1038998.6
16202,1038998.6
16203,1038998.6
16204,1038998.6
16205,1038998.6
16206,1038998.6
16207,1038998.6
16208,1038998.6
16209,1038998.6
16210,1038998.6
16211,1038998.6
16212,1038998.6
16213,1038998.6
16214,1038998.6
16215,1038998.6
16216,1038998.6
16217,1038998.6
16218,1038998.6
16219,1038998.6
16220,1038998.6
16221,1038998.6
16222,1038998.6
16223,1038998.6
16224,1038998.6
16225,1038998.6
16226,1038998.6
16227,1038998.6
16228,1038998.6
16229,1038998.6
16230,1038998.6
16231,1038998.6
16232,1038998.6
16233,1038998.6
16234,1038998.6
16235,1038998.6
16236,1038998.6
16237,1038998.6
16238,1038998.6
16239,1038998.6
16240,1038998.6
16241,1038998.6
16242,1038998.6
16243,1038998.6
16244,1038998.6
16245,1038998.6
16246,1038998.6
16247,1038998.6
16248,1038998.6
16249,1038998.6
16250,1038998.6
16251,1038998.6
16252,1038998.6
16253,1038998.6
16254,1038998.6
16255,1038998.6
16256,1038998.6
16257,1038998.6
16258,1038998.6
16259,1038998.6
16260,1038998.6
16261,1038998.6
16262,1038998.6
16263,1038998.6
16264,1038998.6
16265,1038998.6
16266,1038998.6
16267,1038998.6
16268,1038998.6
16269,1038998.6
16270,1038998.6
16271,1038998.6
16272,1038998.6
16273,1038998.6
16274,1038998.6
16275,1038998.6
16276,1038998.6
16277,1038998.6
16278,1038998.6
16279,1038998.6
16280,1038998.6
16281,1038998.6
16282,1038998.6
16283,1038998.6
16284,1038998.6
16285,1038998.6
16286,1038998.6
16287,1038998.6
16288,1038998.6
16289,1038998.6
16290,1038998.6
16291,1038998.6
16292,1038998.6
16293,1038998.6
16294,1038998.6
16295,1038998.6
16296,1038998.6
16297,1038998.6
16298,1038998.6
16299,1038998.6
16300,1038998.6
16301,1038998.6
16302,1038998.6
16303,1038998.6
16304,1038998.6
16305,1038998.6
16306,1038998.6
16307,1038998.6
16308,1038998.6
16309,1038998.6
16310,1038998.6
16311,1038998.6
16312,1038998.6
16313,1038998.6
16314,1038998.6
16315,1038998.6
16316,1038998.6
16317,1038998.6
16318,1038998.6
16319,1038998.6
16320,1038998.6
16321,1038998.6
16322,1038998.6
16323,1038998.6
16324,1038998.6
16325,1038998.6
16326,1038998.6
16327,1038998.6
16328,1038998.6
16329,1038998.6
16330,1038998.6
16331,1038998.6
16332,1038998.6
16333,1038998.6
16334,1038998.6
16335,1038998.6
16336,1038998.6
16337,1038998.6
16338,1038998.6
16339,1038998.6
16340,1038998.6
16341,1038998.6
16342,1038998.6
16343,1038998.6
16344,1038998.6
16345,1038998.6
16346,1038998.6
16347,1038998.6
16348,1038998.6
16349,1038998.6
16350,1038998.6
16351,1038998.6
16352,1038998.6
16353,1038998.6
16354,1038998.6
16355,1038998.6
16356,1038998.6
16357,1038998.6
16358,1038998.6
16359,1038998.6
16360,1038998.6
16361,1038998.6
16362,1038998.6
16363,1038998.6
16364,1038998.6
16365,1038998.6
16366,1038998.6
16367,1038998.6
16368,1038998.6
16369,1038998.6
16370,1038998.6
16371,1038998.6
16372,1038998.6
16373,1038998.6
16374,1038998.6
16375,1038998.6
16376,1038998.6
16377,1038998.6
16378,1038998.6
16379,1038998.6
16380,1038998.6
16381,1038998.6
16382,1038998.6
16383,1038998.6
16384,1038998.6
16385,1038998.6
16386,1038998.6
16387,1038998.6
16388,1038998.6
16389,1038998.6
16390,1038998.6
16391,1038998.6
16392,1038998.6
16393,1038998.6
16394,1038998.6
16395,1038998.6
16396,1038998.6
16397,1038998.6
16398,1038998.6
16399,1038998.6
16400,1038998.6
16401,1038998.6
16402,1038998.6
16403,1038998.6
16404,1038998.6
16405,1038998.6
16406,1038998.6
16407,1038998.6
16408,1038998.6
16409,1038998.6
16410,1038998.6
16411,1038998.6
16412,1038998.6
16413,1038998.6
16414,1038998.6
16415,1038998.6
16416,1038998.6
16417,1038998.6
16418,1038998.6
16419,1038998.6
16420,1038998.6
16421,1038998.6
16422,1038998.6
16423,1038998.6
16424,1038998.6
16425,1038998.6
16426,1038998.6
16427,1038998.6
16428,1038998.6
16429,1038998.6
16430,1038998.6
16431,1038998.6
16432,1038998.6
16433,1038998.6
16434,1038998.6
16435,1038998.6
16436,1038998.6
16437,1038998.6
16438,1038998.6
16439,1038998.6
16440,1038998.6
16441,1038998.6
16442,1038998.6
16443,1038998.6
16444,1038998.6
16445,1038998.6
16446,1038998.6
16447,1038998.6
16448,1038998.6
16449,1038998.6
16450,1038998.6
16451,1038998.6
16452,1038998.6
16453,1038998.6
16454,1038998.6
16455,1038998.6
16456,1038998.6
16457,1038998.6
16458,1038998.6
16459,1038998.6
16460,1038998.6
16461,1038998.6
16462,1038998.6
16463,1038998.6
16464,1038998.6
16465,1038998.6
16466,1038998.6
16467,1038998.6
16468,1038998.6
16469,1038998.6
16470,1038998.6
16471,1038998.6
16472,1038998.6
16473,1038998.6
16474,1038998.6
16475,1038998.6
16476,1038998.6
16477,1038998.6
16478,1038998.6
16479,1038998.6
16480,1038998.6
16481,1038998.6
16482,1038998.6
16483,1038998.6
16484,1038998.6
16485,1038998.6
16486,1038998.6
16487,1038998.6
16488,1038998.6
16489,1038998.6
16490,1038998.6
16491,1038998.6
16492,1038998.6
16493,1038998.6
16494,1038998.6
16495,1038998.6
16496,1038998.6
16497,1038998.6
16498,1038998.6
16499,1038998.6
16500,1038998.6
16501,1038998.6
16502,1038998.6
16503,1038998.6
16504,1038998.6
16505,1038998.6
16506,1038998.6
16507,1038998.6
16508,1038998.6
16509,1038998.6
16510,1038998.6
16511,1038998.6
16512,1038998.6
16513,1038998.6
16514,1038998.6
16515,1038998.6
16516,1038998.6
16517,1038998.6
16518,1038998.6
16519,1038998.6
16520,1038998.6
16521,1038998.6
16522,1038998.6
16523,1038998.6
16524,1038998.6
16525,1038998.6
16526,1038998.6
16527,1038998.6
16528,1038998.6
16529,1038998.6
16530,1038998.6
16531,1038998.6
16532,1038998.6
16533,1038998.6
16534,1038998.6
16535,1038998.6
16536,1038998.6
16537,1038998.6
16538,1038998.6
16539,1038998.6
16540,1038998.6
16541,1038998.6
16542,1038998.6
16543,1038998.6
16544,1038998.6
16545,1038998.6
16546,1038998.6
16547,1038998.6
16548,1038998.6
16549,1038998.6
16550,1038998.6
16551,1038998.6
16552,1038998.6
16553,1038998.6
16554,1038998.6
16555,1038998.6
16556,1038998.6
16557,1038998.6
16558,1038998.6
16559,1038998.6
16560,1038998.6
16561,1038998.6
16562,1038998.6
16563,1038998.6
16564,1038998.6
16565,1038998.6
16566,1038998.6
16567,1038998.6
16568,1038998.6
16569,1038998.6
16570,1038998.6
16571,1038998.6
16572,1038998.6
16573,1038998.6
16574,1038998.6
16575,1038998.6
16576,1038998.6
16577,1038998.6
16578,1038998.6
16579,1038998.6
16580,1038998.6
16581,1038998.6
16582,1038998.6
16583,1038998.6
16584,1038998.6
16585,1038998.6
16586,1038998.6
16587,1038998.6
16588,1038998.6
16589,1038998.6
16590,1038998.6
16591,1038998.6
16592,1038998.6
16593,1038998.6
16594,1038998.6
16595,1038998.6
16596,1038998.6
16597,1038998.6
16598,1038998.6
16599,1038998.6
16600,1038998.6
16601,1038998.6
16602,1038998.6
16603,1038998.6
16604,1038998.6
16605,1038998.6
16606,1038998.6
16607,1038998.6
16608,
16609,
16610,
16611,
16612,
16613,
16614,
16615,
